m1 TID @ 12:32:37,m2 TID @ 12:32:37,m3 TID @ 12:32:37,m1 TID @ 12:32:38,m2 TID @ 12:32:38,m3 TID @ 12:32:38,m1 TID @ 12:32:40,m2 TID @ 12:32:40,m3 TID @ 12:32:40,m1 TID @ 12:32:41,m2 TID @ 12:32:41,m3 TID @ 12:32:42,m1 TID @ 12:32:43,m2 TID @ 12:32:43,m3 TID @ 12:32:43,m1 TID @ 12:32:45,m2 TID @ 12:32:45,m3 TID @ 12:32:45,m1 TID @ 12:32:46,m2 TID @ 12:32:46,m3 TID @ 12:32:46,m1 TID @ 12:32:48,m2 TID @ 12:32:48,m3 TID @ 12:32:48,m1 TID @ 12:32:50,m2 TID @ 12:32:50,m3 TID @ 12:32:50,m1 TID @ 12:32:51,m2 TID @ 12:32:51,m3 TID @ 12:32:51
0,83,5,0,83,5,0,83,5,0,83,5,0,83,5,0,83,5,0,83,5,0,83,5,0,83,5,0,83,5
0,105,237,0,104,173,0,105,237,0,105,237,0,105,237,0,105,237,0,105,237,0,105,237,0,105,237,0,105,237
0,180,9,0,180,13,0,180,9,0,180,9,0,180,13,0,180,13,0,180,9,0,180,13,0,180,9,0,180,13
0,223,226,0,221,226,0,221,226,0,223,226,0,223,226,0,223,226,0,223,226,0,255,226,0,221,226,0,255,226
0,26,169,0,42,169,0,58,185,0,10,169,0,58,169,0,10,185,0,58,169,0,58,169,0,58,169,0,26,169
0,161,159,0,161,159,0,161,159,0,161,159,0,161,159,0,161,159,0,161,159,0,161,159,0,161,159,0,161,159
0,31,27,0,31,27,0,31,155,0,31,27,0,15,27,0,31,27,0,15,27,0,31,27,0,15,27,0,31,27
0,177,243,0,177,243,0,177,241,0,177,241,0,177,241,0,177,241,0,177,241,0,177,241,0,177,241,0,177,241
0,239,252,0,239,252,0,239,252,0,239,252,0,239,252,0,239,252,0,239,252,0,239,252,0,239,252,0,239,252
0,131,123,0,131,123,0,131,123,0,131,123,0,131,123,0,131,123,0,131,123,0,131,123,0,131,123,0,131,123
0,114,110,0,114,110,0,114,110,0,114,110,0,114,110,0,114,110,0,114,110,0,114,110,0,114,110,0,114,110
0,157,243,0,157,243,0,157,211,0,157,210,0,157,211,0,157,211,0,157,211,0,157,211,0,157,243,0,157,211
0,129,248,0,129,248,0,129,249,0,129,249,0,193,249,0,129,248,0,129,248,0,193,249,0,129,248,0,129,248
0,158,122,0,150,122,0,158,122,0,158,122,0,158,122,0,158,122,0,158,122,0,158,122,0,150,122,0,150,122
0,217,58,0,217,58,0,217,58,0,217,58,0,217,58,0,217,58,0,217,58,0,217,58,0,217,58,0,217,58
0,254,125,0,254,125,0,254,125,0,254,125,0,254,125,0,254,125,0,254,125,0,254,125,0,254,125,0,254,125
0,237,143,0,237,143,0,237,143,0,237,143,0,237,15,0,237,143,0,237,143,0,237,143,0,237,143,0,237,143
0,12,122,0,12,122,0,12,122,0,12,122,0,12,122,0,12,122,0,12,122,0,12,122,0,12,58,0,12,58
0,85,125,0,85,125,0,85,125,0,85,125,0,85,125,0,85,125,0,85,125,0,85,125,0,85,125,0,85,125
0,184,151,0,248,151,0,248,151,0,248,151,0,184,151,0,248,151,0,184,151,0,248,151,0,184,151,0,248,151
0,238,50,0,238,50,0,238,50,0,238,50,0,238,50,0,238,50,0,238,50,0,238,50,0,238,50,0,234,50
0,255,253,0,255,253,0,255,253,0,255,253,0,255,253,0,255,253,0,255,253,0,255,252,0,255,253,0,255,253
0,79,136,0,79,136,0,79,136,0,79,136,0,79,136,0,79,128,0,79,128,0,75,128,0,79,128,0,75,128
0,155,87,0,155,87,0,155,87,0,155,87,0,155,87,0,155,87,0,155,87,0,155,87,0,155,87,0,155,87
0,166,49,0,166,49,0,166,49,0,166,49,0,166,49,0,166,49,0,166,49,0,166,49,0,166,49,0,166,49
0,67,95,0,67,87,0,67,95,0,67,87,0,67,87,0,67,87,0,67,87,0,67,87,0,67,87,0,67,87
0,217,157,0,217,157,0,217,157,0,217,157,0,217,157,0,217,157,0,217,157,0,217,157,0,217,157,0,217,157
0,214,101,0,214,101,0,214,101,0,246,103,0,214,103,0,246,103,0,214,103,0,246,103,0,214,103,0,214,103
0,147,216,0,147,216,0,147,216,0,147,216,0,147,216,0,147,216,0,147,216,0,147,216,0,147,216,0,147,216
0,46,244,0,46,244,0,46,244,0,46,244,0,46,244,0,46,244,0,46,244,0,46,244,0,46,244,0,46,244
0,243,229,0,243,229,0,211,229,0,243,229,0,243,229,0,243,231,0,243,231,0,211,229,0,243,231,0,243,231
0,251,185,0,251,185,0,251,185,0,251,249,0,251,249,0,251,249,0,251,249,0,251,249,0,251,249,0,251,249
0,241,227,0,241,227,0,241,227,0,241,227,0,241,227,0,241,227,0,249,227,0,241,227,0,241,227,0,241,227
0,99,81,0,99,81,0,99,81,0,99,81,0,99,81,0,99,81,0,99,81,0,99,81,0,99,81,0,99,81
0,163,129,0,163,129,0,163,129,0,163,129,0,163,129,0,163,129,0,163,129,0,163,129,0,163,129,0,163,129
0,255,170,0,255,170,0,255,170,0,255,170,0,255,170,0,255,170,0,255,170,0,255,170,0,255,170,0,255,170
0,247,223,0,247,223,0,247,223,0,231,223,0,231,223,0,231,223,0,167,223,0,167,223,0,167,223,0,167,223
0,63,182,0,63,182,0,63,182,0,63,182,0,63,182,0,63,182,0,63,182,0,63,182,0,63,182,0,63,182
0,109,90,0,109,90,0,109,90,0,109,90,0,109,90,0,109,90,0,109,90,0,109,90,0,109,90,0,109,90
0,78,251,0,78,251,0,78,251,0,78,251,0,78,251,0,78,251,0,78,251,0,78,251,0,78,251,0,78,251
0,59,239,0,59,239,0,59,238,0,59,238,0,59,238,0,59,238,0,59,238,0,59,238,0,59,238,0,59,238
0,55,125,0,55,125,0,55,125,0,55,125,0,55,125,0,23,125,0,55,125,0,55,125,0,55,125,0,55,125
0,21,7,0,21,7,0,21,7,0,21,3,0,21,3,0,21,3,0,21,3,0,21,3,0,21,3,0,21,3
0,70,229,0,70,229,0,70,229,0,70,229,0,70,229,0,70,229,0,70,229,0,70,229,0,70,229,0,70,229
0,38,111,0,38,103,0,38,39,0,38,111,0,38,47,0,38,47,0,38,47,0,38,111,0,38,111,0,38,111
0,151,101,0,151,101,0,151,117,0,151,101,0,151,117,0,151,117,0,151,101,0,151,101,0,151,101,0,151,101
0,224,13,0,224,13,0,224,13,0,225,13,0,225,13,0,224,13,0,224,13,0,224,13,0,224,13,0,225,13
0,248,123,0,248,123,0,248,123,0,248,123,0,248,123,0,248,123,0,248,123,0,252,123,0,248,123,0,248,123
0,187,155,0,187,155,0,187,155,0,187,155,0,187,155,0,187,155,0,187,155,0,187,155,0,187,155,0,187,155
0,233,226,0,233,226,0,233,162,0,233,226,0,233,162,0,233,226,0,233,226,0,233,226,0,233,226,0,233,226
0,156,184,0,156,184,0,156,184,0,156,248,0,156,248,0,156,248,0,156,248,0,156,184,0,156,248,0,156,248
0,191,191,0,189,191,0,191,63,0,191,191,0,189,191,0,189,63,0,191,63,0,191,63,0,191,63,0,189,63
0,188,31,0,188,31,0,188,31,0,188,31,0,188,31,0,188,31,0,188,31,0,189,31,0,189,31,0,188,31
0,161,239,0,165,239,0,165,239,0,161,239,0,165,239,0,165,239,0,165,239,0,165,239,0,165,239,0,161,239
0,221,226,0,159,226,0,157,226,0,223,226,0,221,226,0,157,226,0,221,226,0,159,226,0,157,226,0,221,242
0,255,174,0,255,142,0,255,142,0,255,142,0,255,142,0,255,142,0,255,142,0,255,142,0,255,142,0,255,142
0,222,245,0,222,245,0,222,245,0,222,245,0,222,245,0,222,245,0,222,245,0,222,245,0,222,245,0,222,245
0,82,187,0,82,187,0,82,187,0,82,187,0,82,187,0,82,187,0,82,187,0,82,187,0,82,187,0,82,187
0,223,60,0,223,60,0,223,60,0,159,60,0,223,60,0,223,60,0,223,60,0,223,60,0,223,60,0,223,60
0,239,30,0,239,30,0,239,30,0,239,30,0,239,30,0,239,30,0,239,30,0,239,30,0,239,30,0,237,30
0,79,223,0,77,223,0,79,223,0,77,223,0,79,223,0,77,223,0,77,223,0,77,223,0,77,223,0,77,223
0,131,61,0,131,61,0,131,61,0,131,61,0,131,61,0,131,61,0,131,61,0,131,61,0,131,61,0,131,61
0,13,73,0,13,73,0,13,73,0,13,73,0,13,73,0,13,73,0,13,73,0,13,73,0,13,73,0,13,73
0,124,206,0,124,206,0,124,206,0,124,206,0,124,206,0,124,206,0,124,206,0,124,206,0,124,206,0,124,206
0,196,56,0,196,48,0,196,48,0,196,48,0,196,48,0,196,48,0,196,48,0,196,56,0,196,56,0,196,48
0,170,132,0,170,132,0,170,132,0,170,132,0,170,196,0,170,196,0,170,132,0,170,132,0,170,196,0,170,196
0,127,187,0,127,187,0,127,187,0,127,187,0,127,187,0,127,187,0,127,187,0,127,251,0,127,187,0,127,187
0,235,79,0,235,111,0,235,111,0,235,47,0,235,111,0,235,47,0,235,47,0,235,47,0,235,47,0,235,47
0,153,3,0,153,3,0,153,1,0,153,3,0,153,3,0,153,3,0,153,3,0,153,3,0,153,3,0,153,3
0,51,233,0,51,233,0,51,233,0,51,233,0,51,233,0,51,233,0,51,233,0,51,233,0,51,233,0,51,233
0,202,100,0,202,100,0,202,100,0,202,100,0,202,100,0,202,100,0,202,100,0,202,100,0,202,100,0,202,100
0,143,219,0,143,219,0,143,219,0,143,219,0,143,219,0,143,219,0,143,219,0,143,219,0,143,219,0,143,219
0,54,93,0,54,93,0,54,93,0,54,93,0,54,93,0,54,93,0,54,93,0,54,93,0,54,93,0,54,93
0,207,255,0,207,255,0,207,255,0,207,255,0,207,255,0,207,255,0,207,255,0,207,255,0,207,255,0,207,255
0,103,135,0,103,135,0,103,135,0,103,135,0,103,135,0,103,135,0,103,135,0,103,135,0,103,135,0,103,135
0,124,94,0,124,94,0,124,94,0,124,94,0,124,94,0,124,94,0,124,94,0,124,94,0,124,94,0,124,94
0,96,26,0,96,26,0,96,26,0,96,26,0,96,26,0,96,26,0,96,26,0,96,26,0,96,26,0,96,26
0,144,198,0,144,194,0,176,194,0,144,194,0,144,198,0,144,198,0,144,198,0,176,198,0,144,70,0,176,198
0,178,179,0,246,179,0,246,179,0,182,179,0,246,179,0,182,179,0,182,179,0,178,179,0,182,179,0,182,179
0,253,219,0,253,223,0,253,219,0,253,219,0,253,219,0,253,219,0,253,219,0,253,219,0,253,155,0,253,219
0,10,82,0,10,82,0,10,82,0,10,82,0,10,82,0,10,82,0,10,82,0,10,82,0,10,82,0,10,82
0,252,189,0,252,189,0,252,189,0,252,189,0,252,189,0,252,61,0,252,189,0,252,189,0,252,189,0,252,189
0,204,35,0,204,33,0,204,35,0,204,35,0,204,35,0,204,35,0,204,35,0,204,35,0,204,35,0,204,35
0,231,148,0,231,148,0,231,148,0,231,148,0,231,212,0,231,148,0,231,148,0,231,148,0,231,212,0,231,148
0,14,197,0,14,229,0,14,229,0,14,229,0,14,229,0,14,229,0,14,229,0,14,229,0,14,229,0,14,229
0,55,220,0,55,156,0,55,156,0,55,156,0,55,156,0,55,220,0,55,220,0,55,156,0,55,156,0,55,156
0,41,16,0,45,144,0,41,16,0,45,144,0,45,144,0,41,16,0,45,144,0,45,24,0,45,152,0,45,152
0,202,71,0,203,71,0,203,71,0,202,71,0,203,71,0,203,71,0,202,71,0,202,71,0,202,71,0,203,71
0,8,220,0,8,220,0,8,220,0,8,220,0,8,220,0,8,220,0,8,220,0,8,220,0,8,220,0,8,220
0,189,183,0,189,183,0,189,183,0,189,183,0,189,183,0,189,183,0,189,183,0,189,183,0,189,183,0,189,183
0,204,176,0,204,176,0,204,160,0,204,176,0,204,176,0,204,176,0,204,176,0,204,176,0,204,176,0,204,160
0,109,119,0,109,119,0,109,119,0,109,117,0,109,117,0,109,117,0,109,117,0,109,117,0,109,117,0,109,117
0,24,57,0,24,57,0,24,57,0,152,57,0,24,57,0,24,57,0,24,57,0,24,57,0,24,57,0,24,57
0,33,254,0,33,254,0,33,254,0,33,254,0,33,254,0,33,254,0,33,254,0,33,254,0,33,254,0,33,254
0,140,210,0,156,210,0,140,210,0,140,210,0,140,210,0,140,210,0,140,210,0,140,210,0,140,210,0,140,210
0,214,191,0,222,191,0,214,190,0,214,190,0,222,190,0,222,190,0,214,190,0,214,190,0,214,190,0,214,190
0,8,190,0,8,190,0,8,190,0,8,190,0,8,182,0,8,182,0,8,182,0,8,190,0,8,190,0,8,182
0,33,85,0,33,85,0,33,85,0,33,85,0,33,85,0,33,85,0,33,85,0,33,85,0,33,85,0,33,85
0,79,55,0,79,55,0,79,55,0,79,55,0,79,39,0,79,39,0,79,39,0,79,39,0,79,39,0,79,39
0,61,175,0,61,175,0,61,175,0,57,175,0,57,175,0,61,175,0,61,175,0,45,175,0,57,175,0,61,175
0,85,71,0,85,71,0,85,70,0,85,70,0,85,71,0,85,71,0,85,71,0,85,70,0,85,70,0,85,71
0,248,109,0,248,109,0,248,109,0,248,109,0,248,109,0,248,109,0,248,109,0,248,109,0,248,109,0,248,109
0,74,86,0,74,86,0,74,86,0,74,86,0,66,86,0,74,86,0,74,86,0,66,86,0,74,86,0,74,86
0,102,255,0,102,255,0,102,255,0,102,255,0,102,255,0,102,255,0,102,255,0,102,255,0,102,255,0,102,255
0,158,67,0,158,67,0,158,67,0,158,67,0,158,67,0,158,67,0,158,67,0,158,67,0,158,67,0,158,67
0,230,183,0,230,183,0,230,183,0,230,183,0,230,183,0,230,183,0,230,183,0,230,183,0,230,183,0,230,183
0,55,188,0,55,188,0,55,188,0,55,188,0,55,188,0,55,188,0,55,188,0,55,188,0,55,188,0,55,188
0,218,244,0,218,244,0,218,244,0,218,244,0,218,244,0,218,244,0,218,244,0,218,244,0,218,244,0,218,244
0,151,251,0,151,255,0,215,255,0,215,251,0,151,251,0,215,255,0,215,255,0,215,255,0,215,251,0,215,255
0,147,237,0,147,237,0,147,237,0,147,237,0,147,237,0,147,237,0,147,237,0,147,237,0,147,237,0,147,237
0,78,163,0,78,163,0,78,163,0,78,163,0,78,163,0,78,163,0,78,167,0,78,163,0,78,163,0,78,163
0,109,178,0,109,178,0,105,178,0,105,178,0,105,178,0,109,178,0,109,178,0,109,178,0,109,178,0,109,178
0,206,138,0,206,138,0,206,138,0,206,138,0,206,138,0,202,138,0,206,138,0,206,138,0,206,138,0,206,138
0,222,176,0,222,176,0,222,176,0,222,176,0,222,180,0,222,180,0,222,180,0,218,176,0,222,180,0,222,176
0,195,247,0,195,247,0,195,247,0,195,231,0,195,247,0,203,247,0,195,247,0,195,231,0,195,231,0,195,231
0,252,103,0,252,103,0,252,103,0,252,103,0,252,103,0,252,103,0,252,103,0,252,103,0,252,103,0,252,103
0,63,93,0,63,93,0,63,93,0,63,93,0,63,93,0,63,93,0,63,93,0,63,93,0,63,93,0,63,93
0,190,254,0,190,254,0,190,254,0,190,254,0,190,254,0,190,254,0,190,254,0,190,254,0,190,254,0,190,254
0,141,219,0,133,219,0,133,219,0,133,251,0,133,251,0,133,251,0,133,251,0,133,251,0,133,251,0,133,251
0,220,255,0,220,255,0,220,255,0,220,255,0,220,255,0,220,223,0,220,255,0,220,255,0,220,223,0,220,255
0,85,170,0,85,174,0,85,174,0,85,174,0,85,174,0,85,174,0,85,174,0,85,174,0,85,174,0,85,175
0,239,166,0,255,166,0,255,166,0,255,166,0,247,166,0,247,166,0,247,166,0,247,166,0,255,166,0,255,166
0,111,229,0,111,228,0,111,228,0,111,228,0,111,228,0,111,228,0,111,228,0,111,228,0,111,229,0,111,228
0,171,177,0,171,177,0,171,177,0,171,177,0,171,177,0,171,177,0,171,177,0,171,177,0,171,177,0,171,177
0,253,12,0,253,12,0,253,12,0,253,12,0,253,12,0,253,12,0,253,12,0,253,12,0,253,12,0,253,12
0,73,253,0,73,253,0,73,253,0,73,253,0,73,189,0,73,253,0,73,189,0,73,189,0,73,253,0,73,253
0,108,224,0,108,224,0,108,224,0,108,224,0,108,224,0,108,224,0,236,224,0,108,224,0,108,224,0,108,224
0,193,169,0,193,169,0,193,171,0,193,171,0,193,171,0,193,169,0,193,171,0,193,169,0,193,169,0,193,169
0,90,71,0,122,70,0,90,70,0,90,70,0,122,71,0,90,71,0,122,70,0,122,70,0,122,70,0,122,70
0,13,23,0,13,23,0,13,31,0,13,31,0,13,23,0,13,23,0,13,31,0,13,23,0,13,31,0,13,31
0,42,228,0,42,228,0,42,228,0,42,228,0,42,228,0,42,228,0,42,228,0,42,228,0,42,228,0,42,228
0,237,157,0,237,141,0,237,157,0,237,157,0,237,157,0,237,157,0,237,157,0,237,157,0,237,157,0,237,157
0,224,105,0,224,105,0,224,105,0,224,105,0,224,105,0,232,105,0,236,105,0,228,105,0,224,105,0,224,105
0,254,188,0,254,188,0,254,188,0,254,188,0,254,188,0,254,188,0,254,188,0,254,188,0,254,180,0,254,180
0,55,252,0,55,252,0,55,252,0,55,252,0,55,252,0,55,252,0,55,252,0,55,252,0,55,252,0,55,252
0,251,252,0,251,252,0,251,252,0,251,252,0,251,252,0,251,252,0,251,252,0,251,252,0,251,252,0,251,252
0,33,41,0,33,33,0,32,33,0,33,33,0,41,33,0,33,33,0,33,33,0,33,33,0,41,41,0,33,41
0,230,155,0,230,155,0,230,155,0,230,155,0,230,155,0,230,155,0,230,155,0,230,155,0,230,155,0,230,155
0,83,0,0,83,0,0,83,0,0,83,0,0,83,0,0,83,0,0,83,0,0,87,0,0,83,0,0,83,0
0,253,121,0,253,121,0,253,121,0,253,121,0,253,121,0,253,121,0,253,121,0,253,121,0,253,121,0,253,121
0,241,219,0,241,219,0,241,219,0,241,219,0,241,219,0,241,219,0,241,219,0,241,219,0,241,219,0,241,219
0,101,249,0,101,249,0,101,249,0,101,249,0,101,249,0,101,249,0,101,249,0,101,249,0,101,249,0,101,249
0,223,59,0,223,51,0,223,59,0,223,59,0,223,59,0,223,51,0,223,51,0,223,51,0,223,51,0,223,51
0,179,49,0,179,49,0,179,49,0,179,49,0,179,49,0,179,49,0,179,49,0,179,49,0,179,49,0,179,49
0,91,20,0,91,20,0,91,20,0,91,20,0,91,20,0,91,20,0,91,20,0,91,20,0,91,20,0,91,20
0,117,175,0,117,175,0,113,175,0,117,175,0,117,171,0,117,171,0,117,171,0,117,171,0,117,171,0,113,171
0,165,122,0,161,122,0,165,122,0,165,122,0,165,122,0,165,122,0,165,250,0,161,250,0,165,250,0,165,250
0,205,213,0,205,213,0,205,213,0,205,213,0,205,213,0,205,213,0,205,213,0,205,213,0,205,213,0,205,213
0,241,38,0,225,46,0,241,46,0,225,46,0,225,46,0,241,46,0,225,46,0,225,46,0,241,38,0,241,38
0,200,216,0,200,216,0,200,216,0,72,216,0,200,216,0,232,216,0,200,216,0,232,216,0,200,216,0,232,216
0,109,24,0,109,24,0,109,24,0,109,24,0,109,56,0,109,56,0,109,60,0,109,56,0,109,56,0,109,56
0,239,219,0,239,219,0,207,211,0,239,211,0,239,211,0,239,211,0,207,211,0,207,211,0,207,211,0,207,211
0,252,196,0,252,196,0,252,197,0,252,196,0,252,196,0,252,196,0,252,196,0,188,196,0,188,197,0,188,197
0,134,94,0,134,95,0,134,95,0,134,95,0,134,95,0,134,95,0,134,94,0,134,94,0,134,94,0,134,94
0,222,142,0,222,142,0,222,142,0,222,142,0,222,142,0,222,142,0,222,142,0,222,142,0,222,142,0,222,142
0,47,171,0,15,171,0,47,171,0,47,171,0,79,171,0,111,171,0,47,171,0,111,171,0,15,171,0,15,171
0,101,3,0,101,3,0,101,3,0,101,3,0,101,3,0,101,35,0,101,35,0,101,3,0,101,3,0,101,3
0,254,147,0,254,147,0,254,147,0,254,147,0,254,151,0,254,147,0,254,147,0,254,147,0,254,147,0,254,147
0,37,204,0,37,204,0,37,220,0,53,220,0,37,220,0,37,204,0,53,204,0,53,220,0,37,220,0,53,204
0,95,251,0,95,251,0,95,251,0,95,251,0,95,251,0,95,255,0,95,251,0,95,255,0,95,251,0,95,251
0,18,236,0,16,236,0,16,230,0,18,228,0,16,230,0,16,228,0,18,236,0,18,228,0,16,228,0,16,228
0,6,5,0,6,13,0,6,13,0,6,5,0,14,5,0,6,13,0,6,13,0,14,5,0,14,5,0,6,13
0,127,203,0,119,203,0,119,203,0,127,203,0,119,203,0,119,203,0,119,203,0,127,203,0,119,203,0,119,203
0,161,124,0,161,124,0,161,124,0,161,124,0,161,124,0,161,124,0,161,124,0,161,124,0,161,124,0,161,124
0,249,14,0,249,14,0,249,14,0,249,14,0,249,14,0,249,14,0,249,14,0,249,14,0,249,14,0,249,14
0,165,213,0,37,213,0,33,213,0,37,213,0,37,213,0,165,213,0,33,213,0,33,213,0,165,213,0,37,213
0,159,91,0,159,91,0,143,91,0,159,91,0,159,91,0,159,91,0,159,91,0,159,91,0,158,91,0,143,91
0,106,199,0,106,199,0,106,199,0,106,199,0,106,199,0,106,199,0,106,199,0,106,199,0,106,199,0,106,199
0,246,195,0,246,195,0,247,195,0,244,195,0,244,195,0,244,195,0,246,195,0,244,195,0,246,195,0,246,195
0,218,56,0,218,56,0,219,56,0,218,56,0,218,56,0,218,56,0,218,56,0,219,56,0,218,56,0,218,56
0,107,83,0,107,83,0,99,83,0,107,83,0,107,83,0,99,83,0,107,83,0,107,83,0,107,83,0,107,83
0,185,238,0,185,238,0,185,238,0,185,238,0,185,238,0,185,238,0,185,238,0,185,238,0,185,238,0,185,238
0,208,140,0,208,140,0,208,140,0,208,140,0,210,140,0,210,140,0,210,140,0,208,140,0,208,140,0,208,140
0,123,124,0,123,124,0,123,124,0,123,126,0,123,126,0,123,126,0,123,124,0,123,126,0,123,126,0,123,124
0,199,174,0,199,174,0,199,174,0,199,174,0,199,174,0,199,174,0,199,174,0,199,174,0,199,174,0,199,174
0,239,201,0,239,201,0,239,201,0,239,201,0,239,201,0,239,201,0,239,201,0,239,201,0,239,201,0,239,201
0,57,96,0,57,96,0,57,96,0,57,96,0,57,96,0,57,96,0,57,96,0,57,96,0,57,96,0,185,96
0,237,160,0,237,160,0,237,160,0,237,160,0,237,160,0,237,160,0,237,160,0,237,160,0,237,160,0,237,160
0,186,253,0,186,253,0,186,253,0,186,253,0,186,253,0,186,253,0,186,253,0,186,253,0,186,253,0,186,253
0,173,253,0,173,253,0,173,253,0,173,253,0,173,253,0,173,253,0,173,253,0,173,253,0,173,253,0,173,253
0,117,55,0,117,55,0,245,55,0,117,55,0,117,55,0,117,55,0,117,55,0,117,55,0,245,55,0,245,55
0,184,117,0,184,117,0,184,117,0,184,117,0,184,117,0,184,117,0,184,117,0,184,117,0,184,117,0,184,117
0,141,15,0,141,15,0,143,15,0,143,15,0,141,15,0,141,15,0,141,15,0,141,15,0,141,15,0,141,15
0,16,214,0,16,214,0,16,214,0,16,214,0,16,214,0,16,214,0,16,214,0,16,214,0,16,214,0,16,214
0,192,224,0,192,228,0,192,224,0,200,228,0,200,224,0,192,228,0,200,228,0,200,228,0,200,224,0,200,228
0,42,89,0,42,89,0,42,89,0,42,89,0,42,89,0,42,89,0,42,89,0,42,89,0,42,89,0,42,89
0,195,148,0,195,148,0,195,148,0,195,148,0,195,148,0,195,148,0,195,148,0,195,148,0,195,148,0,195,148
0,131,214,0,131,214,0,131,214,0,131,214,0,131,214,0,131,214,0,131,214,0,131,214,0,131,214,0,131,214
0,121,134,0,121,134,0,121,134,0,121,134,0,121,134,0,121,134,0,121,134,0,121,134,0,121,134,0,121,134
0,183,240,0,183,240,0,183,240,0,183,240,0,183,240,0,183,240,0,183,240,0,183,240,0,183,240,0,183,240
0,216,170,0,208,170,0,208,170,0,208,170,0,208,170,0,208,170,0,208,170,0,208,170,0,208,170,0,208,170
0,119,119,0,119,119,0,87,119,0,87,119,0,87,119,0,87,119,0,119,119,0,119,119,0,119,119,0,119,119
0,98,100,0,98,36,0,98,36,0,98,100,0,98,100,0,98,36,0,98,36,0,98,100,0,98,36,0,98,100
0,89,255,0,89,255,0,89,255,0,89,255,0,89,255,0,89,255,0,89,255,0,89,255,0,89,255,0,89,255
0,254,222,0,254,158,0,222,218,0,222,218,0,222,222,0,222,218,0,222,154,0,222,222,0,222,154,0,222,222
0,213,126,0,213,126,0,213,126,0,213,126,0,213,126,0,213,126,0,213,126,0,213,126,0,213,126,0,213,126
0,89,163,0,89,163,0,89,163,0,88,163,0,88,163,0,88,163,0,89,163,0,88,163,0,88,163,0,89,163
0,174,186,0,174,186,0,174,186,0,174,186,0,174,186,0,174,186,0,238,186,0,238,186,0,174,186,0,238,186
0,17,243,0,25,243,0,25,243,0,25,243,0,25,243,0,17,243,0,25,243,0,25,243,0,25,243,0,25,243
0,45,170,0,45,168,0,45,168,0,45,168,0,45,168,0,45,168,0,45,168,0,13,168,0,45,168,0,45,170
0,204,25,0,204,25,0,204,89,0,204,89,0,204,89,0,204,89,0,204,89,0,204,25,0,204,89,0,204,89
0,255,150,0,255,150,0,255,150,0,255,150,0,255,150,0,255,150,0,255,150,0,255,150,0,255,150,0,255,150
0,126,71,0,126,71,0,126,71,0,126,87,0,126,71,0,126,71,0,126,71,0,126,87,0,126,71,0,126,71
0,207,182,0,207,182,0,207,182,0,207,182,0,207,182,0,207,182,0,207,182,0,207,182,0,207,182,0,207,182
0,127,132,0,239,132,0,239,132,0,111,132,0,239,132,0,255,132,0,255,132,0,127,134,0,127,134,0,255,134
0,117,239,0,117,239,0,117,239,0,117,239,0,113,239,0,117,207,0,117,207,0,113,239,0,113,239,0,117,239
0,223,203,0,223,203,0,223,235,0,223,203,0,223,207,0,223,207,0,223,207,0,223,235,0,223,203,0,223,203
0,95,253,0,223,253,0,95,253,0,95,253,0,95,253,0,223,253,0,95,253,0,95,253,0,223,253,0,223,253
0,221,104,0,221,104,0,221,104,0,221,104,0,221,104,0,221,104,0,221,104,0,221,104,0,221,104,0,221,104
0,247,30,0,247,158,0,247,158,0,247,158,0,247,158,0,247,158,0,247,30,0,247,30,0,247,30,0,247,30
0,231,164,0,229,164,0,229,164,0,229,164,0,229,164,0,231,164,0,231,164,0,229,164,0,229,164,0,229,164
0,253,111,0,253,111,0,253,111,0,253,111,0,253,111,0,253,111,0,253,111,0,253,111,0,255,111,0,253,111
0,186,223,0,186,223,0,186,223,0,186,222,0,186,223,0,186,223,0,186,255,0,186,255,0,186,255,0,186,223
0,250,163,0,250,163,0,254,163,0,250,163,0,250,163,0,250,163,0,250,163,0,250,163,0,250,163,0,250,163
0,216,75,0,216,75,0,216,75,0,216,67,0,216,75,0,216,75,0,216,75,0,216,75,0,216,75,0,216,75
0,63,132,0,191,148,0,191,148,0,183,148,0,191,148,0,191,148,0,191,148,0,191,148,0,63,148,0,191,148
0,172,133,0,140,133,0,140,133,0,140,133,0,140,133,0,172,133,0,140,133,0,140,133,0,140,133,0,140,133
0,251,221,0,251,221,0,251,221,0,251,221,0,251,221,0,251,221,0,251,221,0,251,221,0,251,221,0,251,221
0,255,5,0,255,5,0,255,5,0,255,5,0,255,5,0,255,5,0,255,5,0,255,5,0,255,5,0,255,5
0,251,46,0,251,47,0,251,46,0,251,46,0,251,46,0,251,46,0,251,46,0,251,46,0,123,46,0,251,46
0,210,42,0,210,42,0,210,26,0,210,42,0,210,26,0,210,42,0,210,58,0,210,58,0,210,58,0,210,42
0,187,121,0,187,121,0,251,121,0,187,121,0,187,121,0,187,121,0,187,121,0,251,121,0,187,121,0,187,121
0,7,58,0,7,58,0,7,58,0,7,58,0,7,58,0,7,58,0,7,58,0,7,58,0,7,58,0,7,58
0,190,255,0,190,255,0,190,255,0,190,255,0,190,255,0,190,255,0,190,255,0,190,255,0,190,255,0,190,255
0,22,125,0,22,125,0,20,125,0,22,125,0,20,125,0,22,125,0,22,125,0,22,125,0,22,125,0,22,125
0,126,232,0,126,104,0,126,104,0,126,104,0,118,104,0,126,104,0,126,104,0,126,104,0,126,104,0,126,104
0,252,233,0,252,233,0,252,233,0,252,233,0,252,233,0,252,233,0,252,233,0,252,233,0,252,233,0,252,233
0,151,90,0,151,90,0,151,122,0,151,90,0,151,88,0,151,88,0,151,88,0,151,90,0,151,90,0,151,90
0,255,165,0,255,165,0,254,165,0,255,173,0,255,165,0,254,165,0,255,165,0,254,165,0,255,165,0,254,133
0,35,198,0,35,198,0,35,198,0,35,198,0,43,198,0,43,198,0,35,198,0,35,198,0,3,198,0,35,198
0,207,240,0,207,240,0,207,178,0,207,178,0,207,242,0,207,176,0,207,240,0,207,178,0,207,178,0,207,242
0,76,178,0,76,178,0,76,50,0,76,178,0,76,178,0,76,178,0,76,178,0,76,50,0,76,50,0,108,50
0,214,157,0,214,157,0,214,157,0,214,157,0,214,157,0,198,157,0,214,157,0,214,157,0,214,157,0,214,157
0,227,84,0,227,84,0,227,84,0,227,84,0,227,84,0,227,84,0,227,84,0,227,84,0,227,84,0,227,84
0,159,192,0,159,128,0,159,128,0,159,192,0,159,128,0,159,192,0,159,192,0,159,128,0,159,192,0,159,192
0,207,254,0,207,254,0,207,254,0,199,254,0,207,254,0,199,254,0,199,254,0,199,254,0,199,254,0,199,254
0,246,175,0,246,173,0,246,173,0,246,175,0,246,175,0,246,175,0,246,173,0,246,173,0,246,175,0,246,175
0,247,253,0,247,253,0,247,253,0,247,253,0,247,253,0,247,253,0,247,253,0,247,253,0,247,253,0,247,253
0,241,132,0,241,164,0,241,164,0,241,164,0,241,164,0,241,164,0,241,164,0,241,164,0,241,164,0,241,164
0,162,252,0,162,252,0,162,252,0,162,252,0,162,252,0,162,252,0,162,252,0,162,252,0,162,252,0,162,252
0,155,217,0,155,217,0,155,217,0,155,201,0,155,201,0,155,201,0,155,201,0,155,217,0,139,217,0,155,201
0,249,241,0,249,241,0,249,241,0,249,241,0,253,241,0,249,241,0,249,241,0,249,241,0,249,241,0,249,241
0,127,163,0,127,163,0,127,163,0,127,163,0,127,163,0,127,163,0,127,163,0,127,163,0,127,163,0,127,35
0,239,79,0,239,79,0,239,79,0,239,79,0,239,79,0,239,79,0,239,79,0,239,79,0,239,79,0,239,79
0,230,62,0,230,62,0,230,62,0,230,62,0,230,62,0,230,62,0,230,62,0,230,62,0,230,62,0,230,62
0,242,176,0,242,176,0,242,160,0,114,160,0,114,176,0,242,176,0,242,176,0,242,176,0,242,176,0,242,176
0,245,239,0,245,239,0,245,239,0,245,239,0,245,239,0,245,239,0,245,239,0,245,239,0,245,239,0,245,239
0,122,220,0,122,220,0,122,220,0,122,220,0,122,220,0,122,220,0,122,220,0,122,220,0,122,220,0,122,220
0,111,95,0,111,95,0,111,95,0,111,95,0,111,95,0,111,95,0,111,94,0,111,94,0,111,94,0,111,95
0,159,41,0,159,41,0,159,41,0,159,41,0,159,41,0,159,41,0,159,41,0,159,41,0,159,41,0,159,41
0,247,49,0,247,49,0,247,49,0,247,49,0,247,49,0,247,49,0,247,49,0,246,49,0,247,49,0,246,49
0,120,147,0,120,147,0,120,147,0,120,147,0,120,147,0,120,147,0,120,147,0,120,147,0,120,147,0,120,147
0,219,47,0,219,43,0,219,47,0,219,47,0,219,47,0,219,47,0,219,47,0,219,43,0,219,47,0,219,47
0,254,155,0,254,155,0,254,155,0,254,155,0,254,155,0,254,155,0,254,153,0,254,155,0,254,187,0,254,155
0,138,31,0,138,31,0,138,31,0,138,31,0,138,31,0,138,31,0,138,31,0,138,31,0,138,31,0,138,31
0,54,198,0,54,198,0,54,198,0,54,198,0,54,198,0,54,198,0,54,198,0,54,198,0,54,198,0,54,198
0,216,74,0,216,74,0,216,74,0,216,74,0,216,74,0,216,74,0,216,74,0,216,74,0,216,74,0,216,74
0,137,226,0,137,226,0,137,226,0,137,226,0,137,242,0,137,242,0,137,242,0,137,242,0,137,242,0,137,242
0,19,111,0,23,111,0,23,111,0,19,111,0,19,111,0,19,111,0,23,111,0,23,111,0,19,111,0,19,111
0,246,161,0,246,161,0,246,161,0,246,161,0,246,161,0,246,129,0,246,129,0,246,129,0,246,129,0,246,129
0,200,83,0,200,83,0,200,83,0,200,83,0,200,115,0,200,83,0,200,83,0,200,83,0,200,83,0,200,83
0,254,137,0,94,137,0,254,137,0,126,137,0,252,137,0,252,137,0,126,137,0,126,137,0,124,137,0,254,137
0,147,252,0,147,252,0,147,252,0,147,252,0,147,252,0,147,252,0,147,252,0,147,252,0,147,252,0,147,252
0,250,58,0,242,58,0,250,58,0,250,58,0,250,58,0,250,58,0,250,58,0,250,58,0,186,58,0,186,58
0,101,114,0,101,114,0,101,114,0,101,114,0,101,114,0,101,114,0,101,114,0,101,114,0,101,114,0,101,114
0,219,228,0,219,164,0,219,164,0,219,164,0,219,164,0,219,166,0,219,164,0,219,164,0,219,164,0,219,164
0,100,227,0,100,227,0,100,227,0,100,227,0,100,227,0,100,227,0,100,227,0,100,227,0,100,227,0,100,227
0,75,254,0,75,254,0,75,254,0,75,254,0,75,254,0,75,254,0,75,254,0,75,254,0,75,254,0,75,254
0,194,76,0,194,76,0,198,76,0,198,76,0,194,76,0,198,76,0,198,76,0,198,76,0,198,76,0,198,76
0,115,178,0,115,178,0,115,178,0,115,178,0,115,178,0,115,178,0,115,178,0,115,178,0,115,178,0,115,178
0,166,155,0,166,155,0,166,155,0,166,155,0,166,155,0,166,155,0,166,155,0,166,155,0,166,155,0,166,155
0,126,65,0,254,65,0,126,65,0,126,65,0,126,65,0,254,65,0,254,65,0,254,65,0,254,65,0,126,65
0,170,53,0,170,53,0,170,53,0,138,53,0,138,55,0,138,53,0,170,53,0,170,53,0,138,53,0,170,53
0,203,110,0,203,110,0,203,110,0,203,110,0,203,110,0,203,110,0,203,110,0,203,110,0,203,110,0,203,110
0,105,71,0,105,71,0,105,71,0,105,79,0,105,79,0,105,67,0,105,67,0,105,67,0,105,67,0,105,67
0,254,197,0,254,197,0,254,197,0,254,197,0,254,197,0,254,197,0,254,205,0,254,197,0,254,197,0,254,197
0,60,254,0,60,254,0,60,254,0,60,254,0,60,254,0,60,254,0,60,254,0,60,254,0,60,254,0,60,254
0,252,247,0,253,247,0,254,247,0,127,247,0,254,247,0,126,247,0,126,247,0,252,247,0,126,247,0,255,247
0,202,103,0,138,103,0,138,103,0,138,103,0,202,39,0,202,103,0,138,103,0,138,103,0,138,103,0,138,103
0,13,59,0,13,59,0,13,59,0,13,59,0,13,59,0,13,59,0,13,59,0,13,59,0,13,59,0,13,59
0,69,94,0,69,94,0,69,94,0,5,90,0,5,94,0,69,94,0,69,90,0,69,94,0,69,94,0,69,94
0,62,121,0,62,127,0,62,125,0,62,125,0,62,121,0,62,121,0,62,125,0,62,125,0,62,125,0,62,121
0,229,96,0,229,96,0,229,96,0,229,96,0,229,96,0,229,96,0,229,96,0,229,96,0,229,96,0,237,96
0,145,61,0,145,61,0,145,61,0,145,61,0,145,61,0,145,61,0,145,61,0,145,61,0,145,61,0,145,61
0,95,192,0,95,193,0,95,193,0,95,192,0,95,193,0,95,192,0,95,193,0,95,192,0,95,193,0,95,193
0,252,191,0,252,191,0,252,191,0,252,191,0,252,159,0,252,191,0,252,159,0,252,159,0,252,191,0,252,191
0,201,251,0,201,243,0,201,243,0,201,251,0,201,251,0,201,251,0,201,251,0,201,251,0,201,243,0,201,243
0,112,95,0,112,95,0,112,95,0,80,95,0,112,95,0,112,95,0,112,95,0,112,95,0,112,95,0,112,95
0,73,179,0,72,179,0,72,179,0,72,179,0,73,179,0,72,179,0,72,179,0,72,179,0,72,179,0,73,179
0,47,195,0,47,195,0,47,195,0,47,195,0,47,195,0,47,227,0,47,211,0,47,211,0,47,195,0,47,195
0,23,64,0,23,64,0,23,64,0,23,64,0,23,64,0,23,64,0,23,64,0,23,64,0,23,64,0,23,64
0,246,129,0,246,129,0,246,129,0,246,129,0,246,129,0,246,129,0,246,129,0,246,129,0,246,129,0,246,129
0,193,17,0,225,17,0,193,17,0,209,17,0,193,17,0,193,17,0,209,17,0,193,17,0,193,17,0,209,17
0,254,149,0,254,149,0,250,149,0,250,149,0,250,149,0,254,149,0,250,149,0,254,149,0,254,149,0,254,149
0,130,247,0,130,245,0,130,245,0,130,245,0,130,245,0,130,245,0,130,245,0,130,245,0,130,245,0,130,245
0,48,42,0,48,42,0,48,42,0,56,42,0,32,43,0,56,42,0,32,43,0,48,42,0,48,42,0,56,42
0,123,206,0,123,206,0,123,206,0,123,206,0,107,206,0,123,206,0,123,206,0,123,206,0,123,206,0,123,206
0,73,76,0,73,76,0,73,76,0,73,76,0,73,76,0,73,76,0,73,76,0,73,76,0,73,76,0,73,76
0,178,93,0,178,93,0,178,93,0,178,93,0,178,85,0,178,85,0,178,93,0,178,93,0,178,85,0,178,85
0,147,220,0,147,220,0,147,220,0,147,220,0,147,220,0,147,220,0,147,220,0,147,220,0,147,220,0,147,220
0,101,234,0,97,234,0,101,234,0,97,234,0,101,234,0,101,234,0,101,234,0,101,234,0,101,234,0,101,234
0,183,252,0,183,252,0,183,252,0,183,252,0,183,252,0,183,252,0,183,252,0,183,252,0,183,252,0,183,252
0,255,223,0,255,223,0,255,223,0,255,223,0,255,223,0,255,223,0,255,223,0,255,223,0,255,223,0,255,223
0,95,234,0,95,234,0,95,234,0,95,234,0,95,234,0,95,234,0,95,234,0,95,234,0,95,234,0,95,234
0,154,22,0,154,30,0,154,30,0,154,30,0,154,62,0,154,62,0,154,30,0,154,30,0,154,30,0,154,30
0,190,240,0,190,240,0,190,240,0,190,240,0,190,242,0,190,240,0,190,242,0,190,240,0,190,240,0,190,240
0,255,230,0,255,231,0,255,231,0,255,230,0,255,230,0,255,230,0,255,231,0,255,231,0,255,230,0,255,231
0,156,137,0,156,137,0,156,137,0,156,137,0,156,129,0,156,129,0,156,137,0,156,137,0,156,137,0,156,137
0,238,246,0,238,246,0,238,246,0,238,246,0,239,246,0,238,246,0,238,246,0,238,246,0,175,246,0,175,246
0,235,245,0,235,245,0,235,245,0,235,245,0,235,245,0,235,245,0,235,245,0,235,245,0,235,245,0,235,245
0,242,104,0,242,104,0,242,104,0,242,104,0,242,104,0,242,104,0,242,104,0,242,104,0,242,104,0,242,104
0,27,191,0,27,191,0,27,183,0,26,183,0,27,183,0,27,183,0,27,183,0,27,183,0,27,183,0,27,183
0,56,120,0,60,120,0,56,120,0,60,120,0,56,120,0,60,120,0,60,120,0,56,120,0,56,120,0,56,120
0,248,13,0,248,13,0,248,13,0,248,13,0,248,13,0,248,13,0,248,13,0,248,13,0,248,13,0,248,13
0,253,231,0,253,231,0,253,231,0,253,231,0,237,231,0,237,231,0,253,231,0,253,231,0,253,231,0,253,231
0,243,155,0,243,155,0,243,155,0,243,155,0,243,155,0,243,155,0,243,155,0,243,155,0,243,155,0,243,155
0,223,253,0,223,253,0,223,253,0,223,253,0,223,253,0,223,253,0,223,253,0,223,253,0,223,253,0,223,253
0,59,127,0,59,127,0,123,127,0,123,127,0,123,127,0,123,127,0,123,127,0,123,127,0,59,127,0,123,127
0,249,59,0,249,59,0,249,59,0,249,59,0,249,59,0,249,59,0,249,59,0,249,59,0,249,59,0,249,59
0,189,176,0,189,176,0,189,176,0,61,176,0,61,176,0,61,176,0,189,240,0,189,240,0,189,176,0,189,176
0,170,138,0,170,138,0,170,10,0,170,138,0,170,138,0,170,138,0,170,138,0,170,138,0,170,138,0,170,138
0,239,212,0,111,212,0,111,212,0,111,212,0,111,212,0,111,212,0,111,212,0,239,212,0,111,212,0,111,212
0,226,103,0,226,103,0,226,103,0,226,103,0,226,103,0,226,103,0,226,103,0,226,103,0,226,103,0,226,103
0,47,251,0,47,251,0,47,251,0,47,251,0,47,251,0,47,251,0,47,251,0,47,251,0,47,251,0,47,251
0,132,15,0,132,15,0,132,15,0,132,15,0,132,15,0,132,15,0,132,15,0,132,15,0,132,15,0,132,15
0,198,127,0,198,127,0,198,127,0,198,127,0,198,127,0,198,127,0,198,127,0,198,127,0,198,127,0,198,127
0,56,85,0,57,85,0,25,85,0,57,85,0,25,85,0,25,85,0,25,85,0,57,85,0,25,85,0,57,85
0,117,234,0,117,234,0,117,234,0,117,235,0,53,234,0,117,235,0,117,238,0,117,234,0,117,234,0,117,234
0,157,70,0,157,70,0,157,70,0,29,70,0,29,70,0,29,70,0,157,70,0,157,70,0,29,70,0,157,70
0,181,59,0,181,59,0,181,59,0,181,59,0,181,187,0,181,59,0,181,59,0,181,187,0,181,123,0,181,59
0,244,214,0,244,214,0,244,214,0,244,214,0,244,214,0,244,214,0,244,214,0,244,214,0,244,214,0,244,214
0,254,230,0,54,230,0,54,238,0,54,238,0,54,238,0,190,238,0,190,238,0,54,238,0,118,238,0,62,230
0,183,188,0,183,188,0,183,188,0,55,188,0,55,188,0,55,188,0,55,188,0,183,188,0,183,188,0,183,188
0,231,209,0,231,209,0,231,209,0,231,209,0,231,209,0,231,211,0,231,209,0,231,208,0,231,208,0,231,209
0,165,151,0,165,151,0,165,151,0,165,151,0,165,151,0,165,151,0,165,151,0,165,151,0,165,151,0,165,151
0,230,83,0,230,83,0,230,83,0,230,83,0,230,83,0,166,83,0,230,83,0,230,83,0,238,83,0,230,83
0,122,81,0,122,81,0,122,81,0,122,81,0,122,81,0,122,81,0,122,81,0,122,81,0,122,81,0,122,81
0,94,113,0,94,113,0,94,121,0,94,113,0,94,113,0,94,113,0,94,113,0,94,113,0,94,113,0,94,121
0,243,141,0,243,141,0,243,141,0,243,157,0,243,141,0,243,157,0,243,141,0,243,157,0,243,141,0,243,141
0,31,219,0,31,219,0,31,219,0,31,219,0,31,219,0,31,219,0,31,219,0,31,219,0,31,219,0,31,219
0,206,11,0,206,11,0,206,10,0,206,10,0,206,10,0,206,10,0,206,10,0,206,10,0,206,10,0,206,10
0,93,141,0,77,141,0,77,141,0,93,141,0,93,141,0,93,141,0,77,141,0,77,141,0,77,141,0,93,141
0,120,51,0,121,51,0,120,51,0,120,51,0,120,51,0,120,51,0,121,51,0,120,51,0,120,51,0,121,51
0,210,117,0,210,117,0,210,117,0,210,117,0,210,117,0,210,117,0,210,117,0,210,117,0,210,117,0,210,117
0,200,239,0,200,239,0,200,239,0,200,239,0,200,239,0,200,231,0,200,239,0,200,239,0,200,239,0,200,239
0,57,32,0,57,33,0,57,33,0,57,33,0,57,32,0,57,33,0,57,33,0,57,33,0,57,32,0,57,32
0,202,251,0,138,251,0,202,251,0,138,251,0,202,251,0,138,251,0,138,251,0,138,251,0,202,251,0,202,251
0,120,255,0,104,255,0,105,255,0,104,255,0,104,255,0,104,255,0,120,255,0,120,255,0,104,255,0,104,255
0,127,175,0,127,175,0,127,175,0,127,175,0,127,175,0,127,175,0,127,175,0,127,175,0,127,175,0,127,175
0,31,183,0,95,183,0,95,183,0,31,183,0,95,183,0,31,183,0,95,183,0,31,183,0,95,183,0,95,183
0,246,31,0,246,31,0,246,31,0,246,31,0,246,31,0,246,31,0,246,31,0,246,31,0,246,31,0,246,31
0,251,239,0,251,239,0,249,239,0,249,239,0,249,239,0,249,239,0,249,239,0,249,239,0,249,239,0,251,239
0,53,35,0,21,35,0,21,35,0,53,35,0,53,35,0,53,35,0,21,35,0,53,35,0,21,35,0,53,35
0,204,152,0,204,152,0,204,152,0,204,152,0,204,216,0,204,152,0,204,152,0,204,216,0,204,152,0,204,216
0,252,155,0,236,155,0,236,155,0,236,155,0,236,155,0,252,155,0,252,155,0,236,155,0,236,155,0,236,155
0,157,123,0,157,123,0,157,123,0,157,123,0,157,123,0,157,123,0,157,123,0,157,123,0,157,123,0,157,123
0,55,47,0,55,47,0,55,47,0,55,47,0,55,63,0,55,63,0,55,47,0,55,63,0,55,47,0,55,63
0,220,220,0,220,220,0,220,220,0,220,220,0,220,220,0,220,220,0,220,220,0,220,220,0,220,220,0,220,220
0,247,255,0,247,255,0,247,255,0,247,255,0,247,255,0,247,255,0,247,255,0,247,255,0,247,255,0,247,255
0,250,255,0,254,255,0,250,255,0,254,255,0,254,255,0,250,255,0,254,255,0,254,255,0,250,255,0,254,255
0,53,119,0,53,119,0,181,119,0,181,119,0,53,119,0,53,119,0,53,119,0,53,119,0,61,119,0,181,119
0,150,24,0,150,28,0,150,28,0,150,28,0,150,28,0,150,28,0,150,28,0,150,28,0,150,28,0,150,28
0,169,118,0,169,118,0,169,118,0,169,118,0,169,118,0,169,118,0,169,118,0,169,118,0,169,118,0,169,118
0,190,239,0,190,239,0,190,239,0,190,255,0,190,255,0,190,239,0,62,239,0,62,255,0,190,239,0,190,239
0,227,154,0,227,138,0,227,138,0,227,138,0,227,138,0,227,138,0,227,138,0,227,138,0,227,138,0,227,138
0,251,59,0,251,43,0,249,59,0,249,59,0,251,59,0,249,59,0,251,59,0,249,59,0,251,59,0,251,43
0,180,32,0,180,32,0,180,32,0,180,32,0,180,32,0,180,32,0,180,32,0,180,32,0,180,32,0,180,32
0,207,185,0,207,185,0,207,185,0,207,185,0,207,185,0,207,185,0,207,185,0,207,185,0,207,185,0,207,185
0,147,219,0,147,219,0,147,219,0,147,219,0,147,219,0,147,219,0,147,219,0,147,219,0,147,219,0,147,219
0,250,188,0,250,188,0,250,188,0,250,188,0,250,188,0,250,188,0,250,188,0,250,188,0,250,188,0,250,188
0,103,120,0,103,120,0,103,120,0,103,120,0,103,120,0,103,120,0,103,120,0,103,120,0,103,120,0,103,120
0,92,86,0,92,86,0,94,86,0,92,86,0,92,94,0,92,94,0,92,94,0,92,86,0,94,86,0,92,94
0,30,19,0,30,19,0,30,18,0,30,19,0,30,18,0,30,18,0,30,18,0,30,19,0,30,18,0,30,19
0,67,253,0,67,253,0,99,253,0,67,253,0,67,253,0,67,253,0,99,253,0,99,253,0,99,253,0,99,253
0,255,161,0,255,161,0,255,161,0,255,161,0,255,161,0,255,161,0,255,161,0,255,161,0,255,161,0,255,161
0,239,87,0,239,23,0,239,87,0,239,215,0,239,151,0,239,215,0,239,151,0,239,215,0,239,23,0,239,23
0,129,235,0,137,235,0,153,235,0,145,235,0,145,235,0,137,235,0,145,235,0,129,235,0,145,235,0,145,235
0,237,255,0,237,255,0,237,251,0,237,251,0,237,251,0,237,251,0,237,251,0,237,251,0,237,251,0,237,251
0,61,153,0,61,153,0,61,153,0,61,153,0,61,153,0,61,153,0,61,153,0,61,153,0,61,153,0,61,153
0,139,252,0,139,252,0,139,252,0,139,252,0,139,252,0,139,252,0,139,252,0,139,252,0,139,252,0,139,252
0,253,123,0,189,123,0,253,123,0,189,123,0,253,123,0,253,123,0,253,123,0,253,123,0,253,123,0,253,123
0,93,215,0,93,215,0,93,215,0,93,215,0,93,215,0,93,215,0,93,215,0,93,215,0,93,215,0,93,215
0,190,218,0,190,218,0,190,218,0,186,218,0,190,218,0,190,218,0,190,218,0,190,218,0,190,218,0,190,218
0,92,185,0,92,185,0,92,185,0,92,185,0,92,185,0,92,185,0,92,185,0,92,185,0,92,185,0,92,185
0,8,141,0,8,141,0,8,141,0,8,141,0,8,141,0,8,141,0,8,141,0,8,141,0,8,141,0,8,141
0,156,209,0,156,209,0,156,209,0,156,209,0,156,209,0,156,209,0,156,209,0,156,209,0,156,209,0,156,209
0,48,45,0,48,45,0,54,45,0,48,45,0,48,45,0,48,45,0,20,45,0,16,45,0,52,45,0,52,45
0,239,121,0,239,121,0,239,121,0,239,249,0,239,121,0,239,121,0,239,121,0,239,121,0,239,121,0,239,121
0,80,187,0,80,187,0,80,187,0,80,187,0,80,187,0,80,187,0,80,187,0,80,187,0,80,187,0,80,187
0,179,237,0,179,237,0,179,237,0,179,237,0,179,237,0,179,237,0,179,237,0,179,237,0,179,237,0,179,237
0,189,99,0,189,99,0,253,99,0,189,99,0,189,99,0,253,99,0,253,99,0,189,99,0,189,98,0,189,99
0,17,232,0,17,232,0,17,232,0,17,232,0,17,232,0,17,232,0,17,232,0,17,232,0,17,232,0,17,232
0,207,4,0,207,4,0,207,4,0,207,4,0,207,4,0,207,4,0,207,68,0,207,4,0,207,4,0,207,4
0,114,214,0,114,214,0,115,214,0,114,214,0,114,214,0,114,214,0,115,214,0,114,214,0,114,214,0,114,214
0,185,21,0,185,85,0,185,85,0,185,85,0,185,85,0,185,85,0,185,85,0,185,85,0,187,85,0,185,85
0,159,229,0,159,229,0,159,229,0,157,229,0,159,229,0,157,229,0,159,229,0,159,229,0,159,229,0,159,229
0,252,39,0,252,39,0,252,39,0,252,39,0,252,39,0,252,39,0,252,47,0,252,39,0,252,47,0,252,39
0,55,182,0,55,183,0,55,183,0,55,183,0,55,182,0,55,183,0,55,182,0,55,183,0,55,183,0,55,182
0,217,20,0,217,54,0,217,22,0,217,22,0,217,54,0,217,54,0,217,54,0,217,54,0,217,54,0,217,54
0,183,174,0,183,174,0,183,174,0,183,174,0,183,174,0,183,174,0,183,166,0,183,166,0,183,174,0,183,174
0,96,215,0,96,215,0,96,215,0,96,215,0,96,215,0,96,211,0,96,215,0,96,215,0,96,215,0,96,215
0,207,223,0,207,223,0,207,223,0,207,223,0,207,223,0,239,223,0,207,223,0,207,223,0,207,223,0,207,223
0,131,13,0,131,13,0,131,13,0,131,45,0,131,13,0,131,13,0,131,13,0,131,45,0,131,13,0,131,13
0,36,246,0,44,246,0,44,246,0,44,254,0,36,246,0,36,246,0,36,246,0,36,230,0,44,246,0,36,246
0,161,21,0,161,21,0,161,21,0,161,21,0,161,21,0,161,21,0,161,21,0,161,21,0,161,21,0,161,21
0,249,214,0,249,214,0,253,214,0,249,214,0,249,214,0,253,214,0,249,214,0,253,214,0,249,214,0,249,214
0,110,182,0,110,182,0,46,182,0,110,182,0,110,182,0,46,150,0,46,182,0,110,182,0,110,150,0,110,150
0,79,141,0,79,141,0,79,141,0,79,141,0,79,141,0,79,141,0,79,141,0,79,141,0,79,205,0,79,141
0,247,183,0,247,183,0,247,183,0,247,183,0,247,183,0,247,183,0,247,183,0,247,183,0,247,183,0,247,183
0,219,253,0,219,253,0,219,253,0,219,253,0,219,253,0,219,253,0,219,253,0,219,253,0,219,253,0,219,253
0,229,237,0,229,237,0,229,237,0,229,237,0,229,237,0,229,237,0,229,237,0,229,237,0,229,237,0,229,237
0,74,142,0,66,142,0,74,142,0,74,142,0,74,142,0,74,142,0,74,142,0,74,142,0,66,142,0,74,142
0,151,238,0,151,238,0,151,238,0,151,238,0,151,238,0,151,238,0,151,238,0,151,230,0,151,230,0,151,238
0,213,99,0,213,99,0,213,99,0,213,99,0,213,99,0,213,99,0,213,99,0,213,99,0,213,99,0,213,99
0,175,248,0,175,248,0,175,248,0,175,232,0,175,248,0,175,248,0,175,248,0,175,248,0,175,248,0,175,248
0,165,55,0,165,55,0,165,53,0,165,53,0,165,53,0,165,55,0,165,53,0,165,55,0,165,53,0,165,53
0,206,81,0,206,81,0,206,81,0,206,81,0,206,81,0,206,81,0,206,81,0,206,81,0,206,81,0,206,81
0,95,146,0,95,146,0,95,147,0,95,147,0,95,147,0,95,146,0,95,146,0,95,146,0,95,146,0,95,146
0,43,177,0,43,177,0,59,177,0,43,177,0,43,177,0,43,177,0,43,177,0,43,177,0,43,177,0,43,177
0,63,254,0,63,254,0,63,254,0,63,254,0,63,254,0,63,254,0,63,254,0,63,254,0,63,254,0,63,254
0,126,167,0,126,167,0,126,167,0,126,167,0,126,167,0,126,167,0,126,167,0,126,167,0,254,167,0,126,167
0,47,163,0,47,163,0,47,163,0,47,163,0,47,163,0,47,163,0,47,163,0,47,163,0,47,163,0,47,163
0,120,246,0,120,246,0,120,246,0,120,246,0,120,246,0,120,246,0,120,246,0,120,246,0,120,246,0,120,246
0,223,120,0,223,120,0,223,120,0,223,120,0,223,112,0,223,112,0,223,120,0,223,120,0,223,120,0,223,120
0,18,135,0,18,135,0,18,135,0,18,135,0,18,135,0,18,135,0,18,135,0,18,135,0,18,135,0,18,135
0,49,245,0,49,245,0,49,245,0,49,245,0,49,245,0,49,245,0,49,245,0,49,245,0,49,245,0,49,245
0,47,141,0,47,141,0,47,141,0,47,141,0,47,141,0,47,141,0,47,141,0,47,141,0,47,141,0,47,141
0,207,215,0,207,215,0,207,215,0,207,215,0,207,215,0,207,215,0,207,215,0,207,215,0,207,215,0,239,215
0,155,77,0,155,77,0,155,77,0,155,77,0,155,77,0,155,77,0,147,77,0,155,77,0,155,77,0,155,77
0,190,19,0,190,19,0,190,19,0,190,19,0,190,19,0,190,19,0,190,19,0,190,19,0,190,19,0,190,19
0,151,127,0,151,127,0,151,123,0,151,127,0,151,127,0,151,123,0,151,127,0,151,123,0,151,127,0,151,123
0,244,198,0,244,198,0,244,198,0,244,198,0,244,198,0,244,198,0,244,198,0,244,198,0,244,198,0,244,198
0,222,35,0,222,35,0,222,35,0,222,35,0,222,35,0,222,35,0,222,35,0,222,35,0,222,35,0,222,35
0,219,134,0,219,134,0,219,134,0,219,134,0,219,134,0,219,134,0,219,134,0,219,134,0,219,134,0,219,134
0,111,101,0,79,101,0,111,101,0,111,101,0,111,101,0,79,69,0,111,101,0,79,101,0,79,101,0,111,101
0,12,226,0,12,226,0,12,226,0,12,226,0,12,226,0,12,230,0,12,230,0,12,230,0,12,226,0,12,226
0,187,211,0,187,211,0,187,211,0,59,211,0,187,243,0,187,211,0,187,211,0,187,211,0,187,211,0,187,211
0,59,214,0,59,214,0,59,214,0,59,214,0,59,214,0,59,214,0,59,214,0,59,214,0,59,214,0,59,214
0,99,131,0,231,135,0,231,135,0,231,131,0,227,131,0,231,131,0,227,131,0,227,131,0,103,131,0,103,131
0,222,143,0,222,143,0,222,143,0,222,143,0,222,143,0,222,143,0,222,143,0,222,143,0,222,143,0,222,143
0,86,243,0,86,243,0,86,243,0,84,243,0,84,243,0,84,243,0,84,243,0,84,243,0,86,243,0,86,243
0,30,212,0,30,220,0,30,212,0,30,212,0,30,212,0,30,220,0,30,212,0,30,220,0,30,212,0,62,212
0,243,252,0,179,252,0,179,252,0,243,252,0,243,252,0,243,252,0,243,252,0,243,252,0,243,252,0,243,252
0,216,222,0,216,206,0,216,206,0,218,206,0,216,206,0,218,206,0,218,238,0,218,206,0,218,254,0,216,222
0,241,248,0,243,248,0,251,248,0,241,248,0,251,248,0,241,248,0,251,248,0,251,248,0,241,248,0,241,248
0,212,222,0,212,222,0,212,222,0,212,222,0,212,222,0,212,222,0,212,222,0,212,222,0,212,222,0,212,222
0,87,127,0,87,127,0,87,127,0,87,127,0,87,127,0,87,127,0,87,126,0,87,126,0,87,126,0,87,127
0,179,83,0,179,83,0,179,83,0,179,83,0,147,83,0,147,83,0,147,83,0,147,83,0,147,81,0,147,83
0,76,14,0,76,14,0,76,14,0,76,14,0,76,14,0,76,14,0,76,14,0,76,14,0,76,14,0,76,14
0,186,62,0,186,62,0,186,62,0,184,62,0,184,62,0,184,62,0,186,62,0,186,62,0,188,62,0,190,62
0,86,252,0,214,244,0,214,244,0,214,244,0,86,244,0,214,244,0,214,244,0,214,244,0,86,244,0,214,244
0,239,177,0,239,177,0,239,177,0,239,177,0,239,177,0,239,177,0,239,177,0,239,177,0,239,177,0,239,177
0,122,200,0,122,200,0,122,200,0,122,200,0,122,200,0,122,200,0,122,200,0,122,200,0,122,200,0,120,192
0,191,153,0,191,153,0,191,153,0,191,153,0,191,153,0,191,153,0,191,153,0,191,153,0,191,153,0,191,153
0,67,31,0,67,31,0,67,31,0,67,31,0,67,31,0,67,31,0,67,31,0,67,31,0,67,31,0,67,31
0,156,159,0,156,159,0,156,159,0,156,159,0,156,159,0,156,159,0,156,159,0,156,159,0,156,159,0,156,159
0,237,228,0,253,228,0,253,164,0,237,228,0,237,228,0,237,228,0,237,228,0,237,228,0,237,228,0,253,228
0,227,198,0,226,134,0,226,134,0,226,134,0,226,134,0,226,134,0,194,134,0,226,134,0,194,134,0,194,134
0,80,115,0,80,115,0,80,83,0,80,115,0,80,83,0,80,83,0,80,115,0,80,83,0,80,115,0,80,115
0,239,115,0,239,115,0,239,115,0,239,115,0,239,115,0,239,115,0,239,115,0,239,115,0,255,83,0,239,83
0,107,245,0,107,245,0,107,245,0,107,245,0,107,245,0,107,245,0,107,245,0,107,245,0,107,245,0,107,245
0,172,123,0,188,251,0,172,251,0,172,251,0,184,251,0,188,251,0,172,251,0,188,251,0,172,251,0,184,251
0,4,189,0,4,189,0,4,189,0,4,189,0,4,189,0,4,189,0,4,189,0,4,189,0,4,189,0,4,189
0,209,187,0,209,187,0,209,187,0,209,187,0,209,187,0,209,187,0,209,187,0,209,187,0,209,187,0,209,187
0,112,38,0,112,38,0,112,38,0,112,38,0,112,38,0,112,38,0,112,38,0,112,38,0,112,38,0,112,38
0,93,242,0,93,242,0,93,242,0,93,242,0,93,242,0,93,242,0,93,242,0,93,242,0,93,242,0,93,242
0,197,118,0,197,118,0,197,118,0,197,118,0,197,118,0,197,118,0,197,118,0,197,118,0,197,118,0,197,118
0,240,224,0,240,224,0,240,224,0,240,224,0,240,224,0,240,224,0,240,228,0,240,228,0,240,228,0,240,224
0,170,87,0,170,87,0,170,87,0,170,87,0,170,87,0,170,87,0,170,87,0,170,87,0,170,87,0,170,87
0,187,127,0,187,127,0,187,127,0,187,127,0,179,127,0,179,127,0,187,127,0,187,127,0,187,127,0,187,127
0,233,13,0,233,13,0,233,13,0,233,13,0,233,13,0,233,13,0,233,13,0,233,13,0,233,13,0,233,13
0,168,239,0,168,239,0,168,239,0,168,239,0,170,239,0,168,239,0,168,239,0,168,239,0,168,239,0,168,239
0,183,220,0,183,220,0,183,220,0,183,220,0,183,220,0,183,220,0,183,220,0,183,220,0,183,220,0,183,220
0,255,103,0,255,103,0,255,103,0,255,103,0,255,103,0,255,103,0,255,103,0,255,103,0,255,103,0,255,103
0,149,162,0,149,162,0,149,162,0,149,162,0,149,162,0,149,162,0,149,162,0,149,162,0,149,162,0,149,162
0,133,172,0,133,172,0,133,172,0,133,172,0,197,172,0,133,172,0,133,172,0,133,172,0,197,172,0,197,172
0,76,45,0,76,45,0,76,45,0,76,45,0,76,45,0,76,45,0,76,45,0,76,45,0,76,45,0,76,45
0,7,207,0,7,207,0,7,207,0,7,207,0,7,207,0,7,207,0,7,207,0,7,207,0,7,207,0,7,207
0,218,133,0,218,133,0,218,133,0,218,133,0,218,133,0,218,133,0,218,133,0,218,133,0,218,133,0,218,133
0,203,183,0,203,183,0,203,183,0,203,183,0,203,183,0,203,183,0,203,183,0,203,183,0,203,183,0,203,183
0,99,222,0,99,222,0,99,223,0,99,222,0,99,222,0,99,223,0,99,222,0,99,222,0,99,222,0,99,222
0,11,217,0,11,89,0,11,217,0,11,217,0,11,217,0,11,217,0,11,217,0,11,217,0,11,217,0,11,217
0,194,114,0,194,114,0,226,114,0,226,114,0,194,114,0,226,114,0,194,114,0,226,114,0,226,114,0,226,114
0,255,218,0,255,218,0,255,218,0,255,218,0,255,218,0,255,218,0,255,218,0,255,218,0,255,218,0,255,218
0,153,253,0,153,253,0,153,253,0,153,253,0,153,253,0,153,253,0,153,253,0,153,253,0,153,253,0,153,253
0,88,255,0,88,255,0,88,255,0,88,255,0,88,255,0,88,255,0,88,255,0,88,255,0,88,255,0,88,255
0,121,119,0,121,119,0,121,119,0,121,119,0,121,119,0,121,119,0,121,119,0,121,119,0,121,119,0,121,119
0,19,197,0,27,197,0,27,197,0,19,197,0,19,197,0,19,197,0,19,197,0,19,197,0,19,197,0,17,197
0,230,246,0,230,246,0,230,246,0,230,246,0,230,246,0,230,246,0,230,246,0,230,246,0,230,246,0,230,246
0,28,254,0,28,254,0,28,254,0,28,246,0,28,246,0,28,254,0,28,254,0,28,246,0,28,254,0,28,246
0,206,169,0,207,169,0,207,169,0,207,169,0,207,169,0,223,169,0,207,169,0,207,169,0,207,169,0,207,169
0,103,61,0,103,61,0,103,61,0,103,61,0,103,61,0,103,61,0,103,61,0,103,61,0,103,61,0,103,61
0,83,178,0,83,178,0,83,178,0,83,178,0,83,178,0,83,178,0,83,178,0,83,178,0,83,178,0,83,178
0,171,163,0,171,163,0,171,163,0,171,163,0,171,163,0,171,163,0,171,163,0,171,163,0,171,163,0,171,163
0,111,221,0,111,221,0,111,221,0,111,221,0,111,221,0,111,221,0,111,221,0,111,221,0,111,221,0,111,221
0,245,173,0,245,173,0,245,173,0,245,173,0,245,173,0,245,173,0,245,173,0,245,173,0,245,173,0,245,173
0,95,134,0,95,134,0,95,134,0,95,134,0,95,134,0,95,134,0,95,134,0,95,134,0,95,134,0,95,134
0,222,207,0,222,207,0,222,207,0,222,207,0,222,207,0,222,207,0,220,207,0,222,207,0,222,207,0,222,207
0,88,177,0,88,177,0,88,177,0,88,177,0,88,177,0,88,177,0,88,177,0,88,177,0,88,177,0,88,177
0,190,155,0,190,187,0,190,187,0,190,155,0,190,155,0,190,187,0,190,251,0,190,155,0,190,155,0,190,187
0,218,255,0,218,255,0,218,255,0,218,255,0,218,255,0,218,255,0,218,255,0,218,255,0,218,255,0,218,255
0,159,179,0,159,179,0,159,147,0,159,147,0,159,147,0,159,147,0,159,179,0,159,179,0,159,179,0,159,179
0,61,104,0,61,104,0,57,96,0,57,96,0,57,96,0,57,96,0,57,96,0,57,96,0,61,96,0,61,96
0,155,2,0,155,2,0,155,2,0,155,2,0,155,2,0,155,2,0,155,2,0,155,2,0,155,2,0,155,2
0,159,252,0,159,252,0,159,252,0,159,252,0,159,252,0,159,252,0,159,252,0,159,252,0,159,252,0,159,252
0,246,171,0,246,171,0,246,171,0,246,171,0,246,171,0,246,171,0,246,171,0,246,171,0,246,171,0,246,171
0,144,54,0,144,54,0,144,54,0,144,22,0,144,22,0,144,22,0,144,22,0,144,22,0,144,22,0,144,22
0,28,107,0,28,107,0,28,107,0,156,107,0,156,107,0,156,107,0,156,107,0,156,107,0,28,107,0,28,107
0,116,11,0,116,11,0,116,11,0,116,11,0,116,11,0,116,11,0,116,11,0,116,11,0,116,11,0,116,11
0,38,142,0,38,142,0,102,142,0,38,142,0,38,142,0,102,142,0,38,142,0,38,142,0,102,142,0,102,142
0,65,30,0,65,30,0,65,30,0,65,30,0,65,30,0,65,30,0,65,30,0,81,30,0,81,30,0,65,30
0,243,191,0,243,191,0,241,191,0,113,191,0,113,191,0,241,191,0,241,191,0,241,191,0,241,191,0,243,191
0,17,39,0,17,37,0,17,37,0,17,39,0,17,39,0,17,39,0,17,37,0,17,39,0,17,39,0,17,39
0,123,5,0,123,5,0,123,5,0,123,5,0,123,5,0,123,5,0,123,5,0,123,5,0,123,5,0,123,5
0,119,188,0,119,188,0,119,188,0,119,188,0,119,188,0,119,188,0,119,188,0,119,188,0,119,188,0,119,188
0,88,181,0,88,181,0,88,181,0,88,181,0,88,181,0,88,181,0,88,181,0,88,181,0,88,181,0,88,181
0,67,63,0,67,63,0,75,63,0,67,63,0,67,63,0,67,63,0,67,63,0,67,47,0,67,63,0,67,63
0,175,191,0,175,191,0,175,191,0,175,191,0,175,191,0,175,191,0,175,191,0,175,191,0,175,191,0,175,191
0,214,238,0,150,238,0,150,238,0,214,238,0,214,238,0,150,238,0,214,238,0,214,238,0,150,238,0,150,238
0,62,23,0,62,23,0,62,23,0,62,23,0,62,23,0,62,23,0,62,23,0,62,23,0,62,23,0,62,23
0,217,244,0,217,180,0,209,180,0,217,180,0,217,180,0,217,180,0,217,180,0,209,180,0,217,180,0,217,180
0,246,177,0,246,177,0,246,177,0,246,177,0,246,177,0,246,177,0,246,177,0,246,177,0,246,177,0,246,177
0,63,180,0,191,180,0,63,180,0,63,180,0,63,180,0,191,180,0,191,180,0,63,180,0,191,180,0,63,180
0,18,205,0,18,205,0,18,205,0,18,205,0,18,205,0,18,205,0,18,205,0,18,205,0,18,205,0,18,205
0,23,120,0,23,120,0,23,120,0,23,120,0,23,120,0,23,120,0,23,120,0,87,120,0,23,120,0,87,120
0,250,126,0,250,126,0,250,126,0,250,126,0,250,126,0,250,126,0,250,126,0,250,126,0,250,126,0,250,126
0,227,115,0,227,115,0,227,115,0,227,115,0,227,115,0,227,115,0,227,115,0,227,115,0,227,115,0,227,115
0,102,197,0,102,197,0,102,197,0,102,197,0,102,197,0,102,197,0,102,197,0,102,197,0,102,197,0,102,197
0,39,154,0,39,154,0,39,154,0,39,154,0,39,154,0,39,154,0,39,154,0,7,154,0,39,154,0,39,154
0,233,246,0,233,247,0,233,246,0,233,246,0,233,246,0,233,246,0,233,246,0,233,246,0,233,246,0,233,230
0,159,67,0,159,66,0,159,66,0,159,67,0,159,66,0,159,66,0,159,66,0,159,66,0,159,66,0,159,66
0,250,63,0,250,63,0,250,63,0,250,63,0,250,63,0,250,63,0,250,63,0,250,63,0,250,63,0,250,63
0,134,30,0,134,22,0,134,87,0,134,31,0,134,23,0,134,23,0,134,23,0,134,23,0,134,95,0,134,31
0,108,243,0,108,243,0,108,243,0,108,243,0,108,243,0,108,243,0,108,243,0,108,243,0,108,243,0,108,243
0,240,57,0,240,57,0,240,57,0,240,57,0,240,57,0,240,57,0,240,57,0,240,57,0,240,57,0,240,57
0,191,117,0,255,117,0,247,117,0,191,117,0,175,117,0,183,117,0,183,117,0,247,85,0,255,117,0,255,117
0,143,57,0,143,56,0,143,58,0,141,56,0,143,57,0,141,57,0,141,57,0,141,57,0,143,57,0,143,57
0,250,191,0,250,191,0,250,63,0,250,191,0,250,191,0,250,191,0,250,191,0,250,191,0,250,63,0,250,191
0,200,199,0,200,199,0,200,199,0,200,199,0,200,199,0,200,199,0,200,199,0,200,199,0,200,199,0,200,199
0,111,80,0,111,80,0,109,80,0,109,80,0,109,80,0,109,80,0,109,80,0,111,80,0,111,80,0,111,80
0,206,108,0,206,108,0,206,108,0,206,108,0,206,108,0,206,100,0,206,100,0,206,108,0,206,108,0,206,108
0,189,255,0,189,250,0,189,254,0,189,254,0,189,255,0,189,254,0,189,255,0,189,255,0,189,254,0,189,250
0,255,141,0,255,141,0,255,141,0,255,141,0,255,141,0,255,141,0,247,141,0,255,141,0,255,141,0,255,141
0,198,217,0,198,217,0,198,153,0,198,153,0,198,217,0,198,153,0,198,153,0,198,217,0,198,153,0,198,217
0,18,42,0,18,42,0,18,42,0,16,42,0,16,42,0,18,42,0,18,42,0,18,42,0,18,42,0,18,42
0,208,136,0,208,136,0,212,136,0,212,136,0,208,136,0,212,136,0,212,136,0,208,136,0,208,136,0,212,136
0,121,110,0,125,110,0,121,110,0,121,110,0,121,110,0,121,110,0,121,110,0,121,110,0,125,110,0,121,110
0,213,139,0,213,139,0,213,139,0,213,139,0,213,139,0,213,139,0,213,139,0,213,139,0,213,139,0,213,139
0,186,29,0,186,29,0,190,29,0,186,29,0,186,29,0,186,29,0,186,29,0,186,29,0,186,29,0,186,29
0,125,98,0,61,98,0,125,98,0,125,98,0,61,98,0,61,98,0,61,98,0,125,98,0,61,98,0,61,98
0,89,139,0,93,139,0,93,139,0,93,139,0,89,139,0,89,155,0,89,155,0,89,155,0,89,155,0,93,155
0,16,91,0,16,91,0,16,91,0,16,91,0,16,91,0,16,91,0,16,91,0,16,91,0,16,91,0,16,91
0,61,173,0,61,173,0,61,173,0,61,173,0,61,173,0,61,173,0,61,173,0,61,172,0,61,173,0,61,173
0,165,207,0,165,207,0,229,207,0,165,207,0,165,207,0,165,207,0,165,207,0,165,207,0,165,207,0,165,207
0,168,108,0,168,108,0,168,108,0,168,108,0,168,108,0,168,108,0,168,108,0,168,108,0,168,108,0,168,108
0,186,230,0,186,230,0,186,230,0,186,230,0,186,230,0,186,230,0,186,230,0,186,230,0,186,230,0,186,230
0,127,247,0,127,247,0,127,247,0,127,247,0,127,247,0,127,247,0,127,247,0,127,247,0,127,247,0,127,247
0,124,240,0,124,240,0,124,240,0,124,240,0,124,240,0,124,242,0,124,240,0,124,242,0,124,240,0,124,240
0,19,242,0,19,242,0,19,242,0,19,242,0,19,242,0,19,242,0,19,242,0,19,242,0,19,242,0,19,242
0,245,31,0,245,31,0,245,31,0,245,31,0,245,31,0,245,31,0,245,31,0,245,31,0,245,31,0,245,31
0,23,252,0,23,252,0,151,252,0,23,252,0,23,252,0,23,252,0,23,253,0,23,252,0,151,252,0,151,252
0,235,231,0,239,231,0,239,231,0,235,231,0,235,231,0,239,231,0,239,231,0,239,231,0,239,231,0,239,231
0,140,38,0,140,38,0,140,38,0,140,38,0,140,38,0,140,38,0,140,38,0,140,38,0,140,38,0,140,38
0,109,201,0,109,201,0,109,201,0,109,201,0,109,201,0,109,201,0,109,201,0,109,201,0,109,201,0,109,201
0,165,207,0,165,207,0,165,207,0,165,207,0,165,207,0,165,207,0,165,207,0,165,207,0,165,207,0,165,207
0,63,255,0,31,255,0,31,255,0,31,255,0,31,255,0,63,255,0,31,255,0,31,255,0,31,255,0,31,255
0,189,54,0,189,54,0,189,54,0,189,54,0,189,54,0,189,54,0,189,54,0,189,54,0,189,54,0,189,54
0,252,249,0,252,249,0,252,249,0,252,249,0,252,249,0,252,249,0,252,249,0,252,249,0,254,249,0,252,249
0,152,130,0,152,130,0,152,130,0,152,130,0,152,130,0,152,130,0,152,130,0,152,130,0,152,130,0,152,130
0,216,79,0,216,79,0,216,79,0,216,79,0,216,79,0,216,79,0,216,79,0,216,79,0,216,79,0,216,79
0,99,85,0,99,85,0,99,85,0,99,85,0,99,85,0,99,85,0,99,85,0,99,85,0,99,85,0,99,85
0,249,213,0,249,85,0,249,85,0,249,85,0,249,85,0,249,85,0,249,85,0,249,85,0,249,85,0,249,85
0,19,184,0,23,184,0,23,184,0,19,184,0,19,184,0,23,184,0,23,184,0,18,184,0,23,184,0,19,184
0,75,215,0,91,215,0,91,215,0,91,215,0,91,215,0,89,215,0,91,215,0,89,215,0,91,215,0,89,215
0,251,223,0,219,223,0,203,223,0,219,223,0,203,223,0,219,223,0,219,223,0,219,223,0,219,223,0,219,223
0,244,213,0,244,213,0,244,213,0,244,213,0,244,213,0,244,213,0,244,213,0,244,213,0,244,213,0,244,213
0,83,76,0,83,76,0,83,76,0,83,76,0,83,76,0,87,108,0,83,100,0,87,76,0,87,76,0,83,76
0,210,171,0,210,171,0,210,171,0,210,171,0,210,171,0,210,171,0,210,171,0,210,171,0,210,171,0,82,171
0,85,74,0,85,74,0,85,74,0,85,74,0,85,74,0,85,74,0,85,74,0,85,74,0,85,74,0,85,74
0,123,126,0,123,126,0,123,126,0,123,126,0,123,126,0,123,126,0,123,126,0,123,126,0,91,126,0,123,126
0,151,11,0,151,11,0,151,11,0,151,11,0,151,11,0,151,11,0,151,11,0,151,11,0,151,11,0,151,11
0,250,121,0,250,125,0,250,121,0,250,121,0,250,121,0,250,121,0,251,121,0,250,121,0,250,121,0,250,121
0,109,69,0,109,1,0,109,65,0,109,1,0,109,1,0,109,1,0,109,1,0,109,1,0,109,1,0,109,65
0,251,141,0,251,141,0,251,141,0,251,141,0,219,141,0,251,141,0,251,141,0,251,141,0,251,141,0,251,141
0,178,44,0,178,44,0,178,44,0,179,44,0,182,44,0,183,44,0,178,44,0,182,44,0,183,44,0,182,44
0,111,91,0,111,91,0,111,91,0,111,91,0,111,91,0,111,91,0,111,89,0,111,91,0,111,91,0,111,91
0,43,227,0,43,227,0,43,227,0,43,227,0,41,227,0,41,227,0,43,227,0,43,227,0,41,227,0,43,227
0,63,142,0,61,142,0,61,142,0,45,142,0,45,142,0,61,142,0,45,142,0,31,142,0,63,142,0,63,142
0,250,1,0,250,1,0,250,1,0,251,1,0,250,1,0,250,1,0,250,1,0,250,1,0,250,1,0,250,1
0,62,159,0,190,159,0,62,159,0,62,159,0,62,159,0,62,159,0,190,159,0,62,159,0,62,159,0,62,159
0,148,109,0,148,109,0,148,109,0,148,109,0,148,109,0,148,109,0,148,109,0,132,109,0,212,109,0,84,109
0,175,71,0,175,71,0,175,71,0,175,71,0,175,69,0,175,69,0,175,71,0,175,71,0,175,71,0,175,69
0,98,135,0,98,143,0,98,143,0,98,143,0,106,143,0,98,135,0,106,143,0,98,159,0,98,135,0,98,135
0,158,125,0,158,125,0,158,125,0,158,125,0,158,125,0,158,125,0,158,125,0,156,125,0,156,125,0,156,125
0,137,21,0,137,21,0,137,21,0,137,21,0,137,21,0,137,21,0,137,21,0,137,21,0,137,21,0,137,21
0,214,187,0,214,187,0,214,187,0,214,187,0,214,187,0,214,187,0,214,187,0,214,187,0,214,187,0,214,187
0,127,141,0,127,141,0,127,141,0,127,141,0,127,141,0,127,141,0,127,141,0,127,141,0,127,141,0,127,141
0,116,46,0,84,46,0,116,46,0,100,46,0,116,46,0,100,46,0,100,46,0,116,46,0,84,46,0,116,46
0,219,86,0,219,86,0,219,86,0,219,86,0,219,86,0,219,86,0,219,86,0,219,86,0,219,86,0,219,86
0,1,159,0,1,31,0,1,159,0,1,191,0,1,31,0,1,31,0,1,31,0,1,31,0,1,31,0,1,31
0,212,233,0,212,233,0,212,233,0,212,233,0,212,233,0,212,233,0,212,233,0,212,233,0,212,233,0,212,233
0,205,23,0,205,23,0,205,151,0,205,151,0,77,151,0,205,23,0,205,23,0,205,23,0,205,23,0,205,151
0,87,117,0,86,117,0,87,101,0,87,117,0,87,117,0,87,101,0,87,117,0,87,101,0,86,117,0,87,101
0,31,223,0,27,223,0,31,223,0,31,223,0,27,223,0,31,223,0,27,223,0,27,223,0,31,223,0,27,223
0,166,83,0,166,67,0,166,83,0,166,83,0,166,83,0,166,83,0,166,83,0,166,83,0,166,83,0,166,83
0,102,157,0,70,157,0,70,157,0,70,157,0,102,157,0,70,157,0,70,157,0,70,157,0,102,157,0,102,157
0,58,255,0,58,255,0,58,255,0,58,255,0,58,255,0,58,255,0,58,255,0,58,255,0,58,255,0,58,255
0,233,139,0,233,139,0,233,139,0,233,139,0,233,139,0,233,139,0,233,139,0,233,139,0,233,139,0,233,139
0,198,186,0,198,186,0,198,186,0,198,186,0,196,186,0,196,186,0,196,186,0,196,186,0,196,186,0,198,186
0,83,186,0,91,186,0,83,186,0,83,186,0,83,186,0,83,186,0,83,186,0,83,186,0,83,186,0,83,186
0,28,103,0,28,103,0,28,103,0,28,103,0,28,103,0,28,103,0,28,101,0,28,103,0,28,103,0,28,71
0,246,123,0,246,91,0,246,91,0,246,91,0,246,91,0,246,91,0,246,91,0,246,91,0,246,91,0,246,91
0,57,183,0,57,183,0,57,183,0,57,183,0,57,183,0,57,183,0,57,183,0,57,183,0,57,183,0,57,183
0,168,45,0,184,45,0,184,45,0,168,45,0,168,45,0,168,45,0,168,45,0,168,45,0,184,45,0,168,45
0,221,93,0,221,77,0,221,93,0,221,77,0,253,77,0,253,93,0,253,93,0,221,93,0,221,77,0,221,77
0,126,123,0,126,123,0,126,123,0,126,123,0,126,123,0,126,123,0,126,123,0,126,123,0,126,123,0,126,123
0,177,183,0,177,183,0,177,183,0,177,183,0,177,183,0,177,183,0,177,183,0,177,183,0,177,183,0,177,183
0,219,147,0,219,147,0,155,147,0,219,147,0,219,147,0,223,147,0,219,147,0,219,147,0,95,147,0,91,147
0,168,102,0,168,102,0,168,102,0,168,102,0,168,102,0,168,102,0,168,102,0,168,102,0,168,102,0,168,102
0,46,86,0,46,86,0,46,86,0,110,86,0,110,86,0,46,86,0,110,86,0,110,86,0,110,86,0,110,86
0,219,47,0,251,47,0,251,47,0,251,47,0,251,47,0,251,47,0,251,47,0,251,47,0,251,47,0,251,47
0,27,16,0,27,16,0,27,16,0,27,16,0,27,16,0,27,16,0,27,16,0,27,16,0,27,16,0,27,16
0,210,61,0,208,61,0,208,61,0,208,61,0,208,61,0,208,61,0,208,61,0,208,61,0,208,61,0,208,61
0,8,169,0,9,169,0,9,169,0,9,169,0,9,169,0,9,169,0,9,169,0,9,169,0,9,169,0,9,169
0,159,31,0,159,31,0,159,31,0,155,31,0,159,31,0,159,31,0,159,31,0,159,31,0,159,31,0,159,31
0,191,35,0,191,35,0,191,35,0,191,35,0,191,35,0,191,35,0,191,35,0,191,35,0,191,35,0,191,35
0,196,151,0,196,151,0,196,151,0,196,151,0,196,151,0,196,151,0,196,151,0,196,151,0,196,151,0,196,151
0,231,31,0,231,31,0,231,31,0,231,31,0,231,31,0,231,31,0,231,31,0,231,31,0,231,29,0,231,31
0,118,249,0,118,249,0,118,249,0,118,249,0,118,249,0,118,249,0,118,249,0,118,249,0,118,249,0,118,249
0,110,252,0,110,252,0,110,252,0,110,252,0,110,244,0,110,252,0,110,252,0,110,252,0,110,252,0,110,244
0,41,223,0,41,223,0,41,223,0,41,223,0,41,223,0,41,223,0,169,223,0,41,223,0,41,223,0,41,223
0,204,255,0,204,255,0,204,255,0,204,255,0,204,255,0,204,255,0,204,255,0,204,255,0,204,255,0,204,255
0,157,229,0,157,229,0,157,229,0,157,229,0,157,229,0,157,229,0,157,229,0,157,229,0,157,229,0,157,229
0,91,150,0,123,150,0,123,150,0,123,150,0,123,214,0,123,214,0,123,150,0,91,214,0,91,150,0,91,150
0,248,49,0,248,49,0,248,49,0,248,49,0,248,49,0,248,49,0,248,49,0,248,49,0,248,49,0,248,49
0,110,251,0,110,251,0,110,251,0,108,251,0,110,251,0,110,251,0,110,251,0,110,251,0,110,251,0,110,251
0,43,45,0,171,37,0,171,45,0,43,37,0,171,45,0,171,45,0,171,109,0,171,109,0,171,109,0,171,45
0,175,153,0,175,153,0,173,153,0,175,153,0,175,153,0,175,153,0,175,153,0,175,153,0,175,153,0,175,153
0,151,243,0,151,243,0,151,243,0,151,243,0,151,243,0,151,243,0,151,243,0,151,243,0,151,243,0,151,243
0,31,110,0,31,110,0,31,110,0,31,110,0,31,110,0,31,238,0,31,110,0,31,110,0,31,110,0,31,110
0,129,105,0,129,105,0,129,105,0,129,105,0,129,105,0,129,105,0,129,105,0,129,104,0,129,104,0,129,104
0,8,3,0,8,3,0,8,3,0,8,3,0,8,3,0,8,3,0,8,3,0,8,3,0,8,3,0,8,3
0,238,238,0,174,238,0,238,238,0,238,238,0,174,238,0,238,238,0,238,238,0,238,238,0,238,238,0,238,238
0,161,38,0,163,38,0,163,102,0,163,98,0,163,98,0,163,98,0,179,98,0,179,98,0,179,98,0,163,34
0,80,46,0,112,46,0,112,46,0,80,46,0,81,46,0,113,46,0,81,46,0,112,46,0,112,46,0,113,46
0,131,152,0,131,152,0,131,152,0,147,152,0,131,152,0,131,152,0,147,152,0,131,152,0,131,152,0,131,152
0,47,31,0,47,31,0,47,31,0,47,31,0,47,31,0,47,31,0,47,31,0,47,31,0,47,31,0,47,31
0,214,182,0,214,182,0,214,182,0,214,182,0,214,182,0,214,182,0,246,182,0,246,182,0,214,182,0,214,182
0,24,191,0,24,159,0,24,159,0,24,159,0,24,159,0,24,159,0,24,159,0,24,159,0,24,159,0,24,159
0,215,109,0,215,109,0,215,109,0,215,109,0,215,109,0,215,109,0,215,109,0,215,109,0,215,109,0,215,109
0,110,118,0,111,118,0,110,118,0,111,118,0,111,114,0,111,114,0,110,114,0,111,118,0,111,118,0,111,118
0,253,71,0,253,71,0,253,71,0,253,71,0,253,71,0,253,71,0,253,71,0,253,71,0,253,71,0,253,71
0,94,173,0,94,173,0,94,173,0,94,173,0,94,173,0,94,173,0,94,173,0,94,173,0,94,173,0,94,173
0,249,61,0,251,61,0,249,61,0,249,61,0,249,61,0,249,61,0,249,61,0,249,61,0,249,61,0,249,61
0,175,7,0,175,7,0,175,7,0,175,7,0,175,7,0,175,7,0,175,71,0,175,7,0,175,7,0,175,7
0,63,127,0,63,127,0,63,127,0,63,127,0,63,127,0,63,127,0,63,127,0,63,127,0,63,127,0,63,127
0,239,237,0,239,237,0,239,237,0,239,237,0,239,237,0,239,237,0,239,237,0,239,237,0,239,237,0,239,237
0,116,255,0,116,255,0,116,255,0,116,255,0,116,255,0,116,255,0,116,255,0,116,255,0,116,255,0,116,255
0,143,161,0,143,161,0,143,161,0,143,161,0,143,161,0,143,161,0,143,161,0,143,161,0,143,161,0,143,161
0,252,23,0,252,23,0,248,23,0,248,23,0,252,23,0,248,23,0,252,23,0,252,23,0,252,23,0,252,23
0,156,247,0,156,247,0,156,215,0,156,247,0,156,247,0,156,247,0,156,247,0,156,247,0,156,247,0,156,247
0,159,249,0,159,249,0,159,249,0,159,249,0,159,249,0,159,249,0,159,249,0,159,251,0,159,249,0,159,249
0,63,249,0,63,249,0,63,249,0,63,249,0,63,249,0,63,249,0,63,249,0,59,249,0,63,249,0,63,249
0,219,207,0,219,207,0,219,207,0,219,207,0,219,207,0,219,207,0,219,207,0,219,207,0,219,207,0,219,207
0,241,72,0,241,72,0,241,72,0,241,72,0,241,72,0,241,72,0,241,72,0,241,72,0,241,104,0,241,72
0,46,242,0,46,242,0,46,242,0,38,242,0,46,242,0,46,242,0,46,242,0,46,242,0,46,242,0,46,242
0,249,35,0,249,35,0,249,35,0,249,35,0,249,35,0,249,35,0,249,35,0,249,35,0,249,35,0,249,35
0,245,147,0,245,147,0,245,147,0,245,147,0,245,147,0,245,147,0,245,146,0,245,146,0,245,146,0,245,146
0,195,244,0,131,244,0,195,244,0,195,244,0,195,244,0,131,244,0,195,244,0,195,244,0,131,244,0,195,244
0,44,87,0,44,87,0,44,87,0,44,87,0,44,87,0,44,87,0,44,87,0,44,87,0,44,87,0,44,87
0,180,169,0,180,169,0,180,169,0,180,169,0,180,169,0,180,169,0,180,169,0,180,169,0,180,169,0,180,169
0,188,253,0,188,249,0,188,253,0,188,253,0,188,253,0,188,253,0,188,253,0,188,249,0,188,249,0,188,255
0,80,95,0,88,95,0,88,95,0,80,95,0,88,95,0,80,95,0,88,95,0,88,95,0,88,95,0,88,95
0,202,205,0,194,205,0,202,205,0,202,205,0,202,205,0,202,205,0,202,205,0,202,205,0,202,205,0,203,205
0,126,130,0,126,130,0,126,130,0,126,130,0,126,130,0,126,130,0,126,130,0,126,130,0,126,130,0,126,130
0,234,133,0,234,133,0,238,133,0,234,133,0,234,133,0,234,133,0,234,133,0,234,133,0,234,133,0,234,133
0,105,238,0,105,238,0,105,238,0,105,238,0,105,238,0,105,238,0,105,238,0,105,238,0,105,238,0,105,238
0,169,233,0,169,233,0,169,201,0,169,201,0,137,193,0,169,193,0,169,193,0,169,193,0,169,233,0,169,193
0,51,214,0,51,214,0,51,214,0,51,222,0,51,214,0,51,246,0,51,214,0,51,214,0,51,214,0,51,246
0,244,247,0,244,247,0,244,247,0,244,247,0,244,247,0,244,247,0,244,247,0,244,247,0,244,247,0,244,247
0,249,253,0,249,221,0,249,221,0,249,221,0,249,221,0,249,221,0,249,253,0,249,217,0,249,221,0,249,221
0,186,62,0,186,62,0,186,62,0,186,62,0,186,62,0,186,62,0,186,62,0,186,62,0,186,62,0,186,62
0,116,35,0,116,34,0,116,34,0,116,34,0,116,34,0,116,34,0,116,34,0,116,34,0,116,34,0,116,34
0,100,14,0,108,14,0,108,6,0,108,14,0,108,14,0,108,6,0,108,14,0,108,14,0,108,6,0,108,14
0,214,255,0,214,255,0,214,255,0,214,255,0,214,255,0,214,255,0,214,253,0,214,255,0,214,255,0,214,253
0,114,168,0,114,168,0,114,168,0,114,168,0,114,168,0,114,168,0,114,168,0,114,168,0,114,168,0,114,168
0,63,110,0,47,110,0,47,110,0,63,110,0,47,110,0,47,110,0,63,110,0,63,110,0,63,110,0,63,110
0,149,126,0,149,126,0,149,126,0,149,126,0,149,126,0,149,126,0,149,126,0,149,126,0,149,126,0,149,126
0,219,218,0,219,218,0,219,218,0,219,218,0,219,218,0,219,218,0,219,218,0,219,218,0,219,218,0,219,218
0,119,99,0,119,99,0,119,99,0,119,99,0,119,99,0,119,99,0,119,99,0,119,99,0,119,99,0,119,99
0,104,232,0,104,232,0,104,234,0,40,232,0,40,232,0,104,232,0,104,232,0,104,232,0,40,232,0,40,232
0,111,250,0,111,250,0,111,250,0,111,250,0,111,250,0,111,250,0,111,250,0,111,250,0,111,250,0,111,250
0,123,254,0,123,254,0,123,254,0,123,254,0,123,254,0,123,254,0,123,254,0,123,254,0,123,254,0,123,254
0,206,153,0,206,153,0,206,153,0,206,153,0,206,153,0,206,153,0,206,153,0,206,153,0,206,153,0,206,153
0,174,5,0,174,5,0,174,5,0,174,5,0,174,5,0,174,5,0,174,5,0,174,5,0,174,5,0,174,5
0,177,222,0,145,222,0,145,222,0,145,222,0,145,158,0,177,222,0,177,158,0,145,158,0,145,158,0,145,222
0,9,135,0,45,135,0,175,135,0,1,135,0,13,135,0,3,131,0,11,135,0,11,135,0,13,135,0,41,135
0,63,173,0,63,173,0,63,173,0,63,173,0,63,172,0,63,172,0,63,172,0,63,172,0,63,172,0,63,172
0,236,251,0,236,251,0,236,235,0,236,251,0,236,251,0,236,251,0,236,251,0,236,251,0,236,251,0,236,251
0,158,175,0,158,239,0,158,175,0,158,239,0,158,239,0,158,239,0,158,239,0,158,239,0,158,239,0,158,239
0,247,251,0,247,251,0,247,251,0,247,251,0,247,251,0,247,251,0,247,251,0,247,251,0,247,251,0,255,251
0,245,9,0,241,9,0,245,9,0,245,9,0,245,73,0,241,9,0,245,8,0,245,9,0,245,9,0,245,9
0,162,93,0,162,93,0,162,93,0,162,95,0,162,93,0,162,93,0,162,93,0,162,77,0,162,77,0,162,77
0,63,235,0,63,235,0,63,235,0,63,235,0,61,235,0,63,235,0,63,235,0,63,235,0,63,235,0,63,235
0,189,15,0,173,15,0,189,15,0,189,13,0,189,7,0,189,15,0,189,15,0,173,15,0,173,15,0,173,13
0,162,231,0,226,231,0,226,231,0,226,231,0,226,231,0,226,231,0,226,231,0,226,231,0,226,231,0,226,231
0,215,117,0,83,117,0,83,117,0,83,117,0,83,117,0,83,117,0,83,117,0,83,117,0,87,117,0,83,117
0,231,196,0,167,196,0,231,196,0,167,196,0,167,196,0,231,196,0,231,196,0,231,196,0,167,196,0,167,196
0,252,187,0,252,187,0,252,187,0,252,187,0,252,187,0,252,187,0,252,187,0,252,187,0,252,187,0,252,187
0,91,174,0,91,174,0,91,174,0,91,174,0,27,174,0,27,174,0,27,174,0,27,174,0,27,174,0,27,174
0,234,25,0,234,25,0,234,25,0,234,25,0,234,25,0,234,25,0,234,25,0,234,25,0,234,25,0,234,25
0,8,213,0,8,213,0,8,213,0,8,213,0,8,213,0,8,213,0,8,213,0,8,213,0,8,213,0,8,213
0,226,97,0,226,97,0,226,97,0,226,97,0,226,97,0,226,97,0,226,97,0,226,97,0,226,97,0,226,97
0,231,171,0,231,171,0,231,171,0,231,171,0,231,171,0,231,171,0,167,171,0,167,171,0,167,171,0,231,171
0,188,251,0,188,115,0,188,243,0,188,251,0,188,251,0,188,251,0,188,251,0,188,251,0,188,251,0,188,251
0,106,91,0,106,91,0,106,91,0,106,91,0,98,91,0,98,91,0,106,91,0,98,91,0,98,91,0,98,91
0,253,243,0,253,243,0,253,243,0,253,243,0,253,243,0,253,243,0,253,243,0,253,243,0,253,243,0,253,243
0,70,246,0,100,246,0,100,246,0,100,246,0,100,246,0,100,246,0,100,246,0,100,246,0,100,246,0,108,246
0,241,192,0,241,192,0,241,192,0,241,192,0,241,192,0,241,192,0,241,192,0,241,192,0,241,192,0,241,192
0,230,187,0,230,187,0,230,187,0,246,187,0,230,187,0,230,187,0,230,187,0,230,187,0,226,187,0,230,187
0,247,213,0,247,213,0,247,213,0,247,213,0,247,213,0,247,213,0,247,213,0,247,213,0,247,213,0,247,213
0,14,23,0,14,23,0,15,23,0,15,23,0,15,151,0,15,151,0,14,23,0,15,23,0,15,23,0,15,151
0,134,77,0,134,77,0,134,77,0,134,77,0,134,77,0,134,77,0,134,77,0,134,77,0,134,77,0,134,77
0,99,244,0,107,244,0,107,244,0,99,244,0,99,244,0,99,244,0,99,244,0,107,244,0,99,244,0,99,244
0,195,82,0,195,82,0,195,82,0,195,82,0,195,82,0,195,82,0,195,82,0,195,82,0,195,82,0,195,82
0,123,254,0,123,254,0,123,254,0,123,254,0,123,254,0,123,254,0,123,254,0,123,254,0,123,254,0,123,254
0,192,197,0,192,197,0,200,197,0,200,197,0,192,197,0,192,193,0,200,193,0,200,197,0,192,197,0,192,193
0,195,45,0,195,173,0,195,45,0,195,45,0,195,173,0,195,45,0,211,173,0,195,173,0,195,45,0,195,45
0,214,27,0,86,27,0,86,27,0,214,27,0,94,27,0,94,27,0,86,27,0,94,27,0,214,27,0,94,27
0,172,169,0,172,169,0,172,169,0,172,169,0,172,169,0,172,169,0,172,169,0,172,169,0,172,169,0,172,169
0,244,194,0,244,194,0,244,194,0,244,194,0,244,66,0,244,194,0,244,194,0,244,66,0,244,194,0,244,194
0,152,79,0,152,79,0,152,79,0,152,79,0,152,79,0,152,79,0,152,79,0,152,79,0,152,79,0,152,79
0,251,105,0,251,105,0,251,105,0,251,105,0,251,105,0,251,105,0,251,105,0,251,105,0,251,105,0,251,105
0,251,223,0,251,159,0,251,223,0,251,223,0,251,159,0,251,159,0,251,159,0,251,223,0,251,159,0,251,223
0,50,5,0,50,5,0,178,5,0,183,5,0,178,5,0,178,5,0,178,5,0,178,5,0,178,5,0,178,5
0,221,247,0,223,247,0,221,247,0,221,247,0,221,247,0,223,247,0,221,247,0,221,247,0,221,247,0,221,247
0,225,249,0,225,249,0,225,251,0,225,251,0,225,251,0,225,251,0,225,249,0,225,249,0,161,249,0,225,251
0,6,186,0,70,186,0,70,186,0,6,186,0,70,170,0,6,186,0,6,186,0,6,186,0,70,186,0,70,186
0,247,127,0,247,127,0,247,127,0,247,127,0,247,127,0,247,127,0,246,127,0,247,127,0,247,127,0,247,127
0,15,221,0,15,221,0,15,221,0,15,221,0,15,221,0,15,221,0,15,221,0,15,221,0,15,221,0,15,221
0,246,253,0,246,255,0,246,255,0,246,255,0,246,255,0,246,253,0,246,255,0,246,255,0,246,255,0,246,255
0,253,255,0,253,255,0,253,255,0,253,255,0,253,255,0,253,255,0,253,255,0,253,255,0,253,255,0,253,255
0,201,110,0,201,110,0,201,110,0,201,110,0,201,110,0,201,110,0,201,110,0,201,110,0,201,110,0,233,110
0,30,235,0,30,235,0,30,235,0,30,235,0,30,235,0,30,235,0,30,235,0,30,235,0,30,235,0,30,235
0,227,189,0,227,189,0,227,189,0,227,189,0,227,189,0,227,189,0,227,189,0,227,189,0,227,189,0,227,189
0,197,206,0,197,206,0,197,206,0,197,206,0,197,206,0,197,238,0,197,238,0,197,238,0,197,206,0,197,206
0,91,192,0,91,192,0,91,192,0,91,192,0,91,192,0,91,192,0,91,192,0,91,192,0,91,192,0,91,192
0,109,11,0,109,11,0,109,11,0,109,11,0,109,11,0,109,11,0,109,11,0,109,11,0,109,11,0,109,11
0,220,155,0,220,159,0,220,159,0,220,155,0,220,159,0,220,159,0,212,155,0,220,155,0,220,155,0,220,159
0,251,238,0,251,230,0,235,238,0,251,238,0,235,238,0,251,230,0,251,230,0,235,230,0,235,230,0,251,230
0,70,72,0,78,72,0,70,72,0,78,72,0,70,72,0,78,72,0,78,72,0,70,72,0,78,72,0,78,72
0,250,155,0,250,139,0,250,139,0,250,139,0,250,139,0,250,139,0,250,139,0,250,139,0,250,139,0,250,139
0,132,255,0,132,255,0,132,255,0,132,255,0,132,255,0,132,255,0,132,255,0,132,255,0,132,255,0,132,255
0,95,78,0,95,78,0,127,78,0,95,78,0,95,78,0,95,78,0,95,78,0,31,78,0,95,78,0,95,78
0,191,93,0,191,93,0,191,93,0,191,93,0,191,93,0,191,93,0,191,93,0,191,93,0,191,93,0,191,93
0,19,209,0,83,209,0,83,209,0,83,209,0,19,209,0,83,209,0,83,209,0,19,209,0,19,209,0,83,209
0,246,14,0,246,14,0,246,10,0,246,10,0,246,10,0,246,10,0,246,10,0,246,10,0,246,10,0,246,10
0,123,225,0,123,225,0,123,225,0,123,225,0,123,225,0,123,225,0,123,225,0,123,225,0,123,225,0,123,225
0,111,126,0,111,126,0,111,126,0,111,126,0,111,126,0,111,126,0,111,126,0,111,126,0,111,126,0,111,126
0,211,127,0,211,127,0,211,127,0,211,127,0,211,127,0,211,127,0,211,127,0,211,127,0,211,127,0,211,127
0,219,55,0,219,55,0,222,55,0,217,55,0,219,55,0,219,55,0,219,55,0,218,55,0,219,55,0,219,55
0,238,235,0,238,171,0,230,171,0,238,171,0,230,235,0,230,235,0,238,171,0,238,171,0,238,171,0,230,171
0,253,113,0,253,113,0,253,113,0,253,113,0,253,113,0,253,113,0,253,113,0,253,113,0,253,113,0,253,113
0,124,95,0,124,95,0,124,95,0,124,95,0,124,95,0,124,95,0,124,95,0,124,95,0,124,95,0,124,95
0,31,65,0,31,65,0,31,65,0,31,65,0,31,65,0,31,65,0,31,73,0,31,73,0,31,73,0,31,65
0,119,156,0,119,156,0,119,156,0,119,156,0,119,156,0,119,156,0,119,156,0,119,156,0,119,156,0,119,156
0,184,157,0,184,157,0,184,157,0,184,157,0,184,157,0,184,157,0,184,157,0,184,157,0,184,157,0,184,157
0,67,215,0,67,215,0,67,215,0,67,215,0,67,215,0,67,215,0,67,215,0,195,215,0,67,215,0,67,215
0,201,132,0,201,4,0,201,132,0,201,132,0,201,132,0,201,132,0,201,4,0,201,132,0,201,132,0,201,132
0,45,187,0,45,187,0,45,187,0,45,187,0,45,187,0,45,187,0,45,187,0,45,187,0,45,187,0,45,187
0,227,17,0,227,16,0,227,17,0,227,17,0,227,17,0,227,16,0,227,17,0,227,17,0,235,17,0,239,17
0,114,115,0,114,115,0,114,115,0,114,115,0,114,115,0,114,115,0,114,115,0,114,115,0,114,115,0,114,115
0,252,103,0,252,103,0,252,103,0,252,103,0,252,103,0,252,103,0,252,103,0,252,103,0,252,103,0,252,103
0,61,23,0,61,23,0,61,23,0,61,19,0,61,19,0,63,23,0,61,23,0,61,19,0,61,19,0,61,19
0,70,115,0,70,115,0,6,115,0,70,115,0,70,115,0,70,115,0,6,115,0,6,115,0,70,115,0,70,115
0,199,190,0,199,190,0,199,190,0,199,190,0,199,190,0,199,190,0,199,190,0,199,190,0,199,190,0,199,190
0,209,186,0,209,186,0,209,186,0,209,186,0,209,186,0,209,186,0,209,186,0,209,186,0,209,186,0,209,186
0,29,238,0,29,238,0,29,238,0,29,238,0,29,238,0,29,238,0,29,238,0,29,238,0,29,238,0,29,238
0,177,177,0,177,177,0,177,177,0,177,177,0,177,177,0,177,177,0,177,177,0,177,177,0,177,177,0,177,177
0,186,27,0,170,27,0,170,27,0,186,25,0,186,27,0,186,27,0,170,11,0,186,25,0,186,27,0,186,27
0,27,214,0,27,214,0,27,214,0,27,214,0,27,214,0,27,214,0,27,214,0,27,214,0,27,151,0,27,214
0,183,245,0,183,245,0,183,245,0,183,245,0,183,245,0,183,245,0,183,229,0,183,245,0,183,245,0,183,245
0,25,126,0,25,126,0,25,126,0,25,126,0,25,126,0,25,126,0,25,126,0,25,126,0,25,126,0,25,126
0,123,86,0,123,86,0,123,86,0,123,86,0,123,86,0,123,86,0,123,86,0,123,86,0,123,86,0,123,86
0,222,35,0,222,43,0,222,35,0,222,3,0,222,3,0,222,43,0,222,35,0,222,3,0,222,3,0,222,35
0,188,222,0,188,222,0,188,222,0,188,222,0,188,222,0,188,222,0,188,222,0,188,222,0,188,222,0,188,222
0,84,113,0,84,113,0,84,113,0,84,113,0,84,113,0,84,113,0,84,113,0,84,113,0,84,113,0,84,113
0,231,221,0,231,221,0,231,221,0,247,221,0,247,221,0,247,221,0,231,221,0,247,223,0,231,223,0,231,221
0,105,221,0,233,221,0,233,221,0,105,221,0,105,221,0,105,221,0,233,221,0,105,221,0,233,221,0,105,221
0,188,183,0,188,183,0,188,183,0,188,183,0,188,183,0,188,183,0,188,183,0,188,183,0,188,183,0,188,183
0,251,109,0,251,109,0,251,109,0,251,109,0,251,109,0,251,109,0,251,109,0,251,109,0,251,109,0,251,109
0,59,117,0,59,117,0,59,117,0,59,101,0,59,117,0,59,117,0,59,117,0,59,117,0,59,117,0,59,117
0,244,3,0,244,3,0,244,3,0,244,3,0,244,3,0,244,3,0,244,3,0,244,11,0,244,3,0,244,131
0,188,251,0,188,219,0,188,219,0,188,219,0,188,219,0,188,219,0,188,219,0,188,219,0,188,219,0,188,251
0,220,16,0,220,16,0,220,16,0,220,16,0,220,16,0,220,16,0,220,16,0,220,16,0,220,144,0,220,16
0,203,63,0,203,63,0,203,63,0,203,63,0,203,63,0,203,63,0,203,63,0,203,55,0,203,63,0,203,63
0,14,122,0,14,122,0,14,122,0,14,122,0,14,122,0,14,122,0,14,122,0,14,122,0,14,122,0,14,122
0,209,55,0,209,55,0,211,55,0,209,55,0,211,55,0,209,55,0,211,55,0,209,55,0,209,55,0,211,55
0,236,167,0,236,167,0,236,167,0,236,167,0,236,167,0,236,167,0,236,167,0,236,167,0,236,167,0,236,167
0,127,114,0,127,114,0,127,114,0,127,114,0,127,114,0,127,114,0,127,114,0,127,114,0,127,114,0,127,114
0,200,33,0,200,33,0,200,33,0,200,33,0,200,33,0,200,33,0,200,33,0,200,33,0,200,33,0,200,33
0,49,56,0,49,184,0,49,56,0,49,184,0,49,56,0,49,56,0,49,184,0,49,56,0,49,184,0,49,56
0,26,70,0,26,70,0,90,70,0,26,70,0,26,70,0,90,70,0,26,70,0,26,70,0,26,70,0,26,70
0,51,147,0,51,147,0,51,147,0,51,147,0,51,147,0,51,147,0,51,147,0,51,147,0,51,147,0,51,147
0,190,111,0,190,111,0,190,111,0,190,111,0,190,111,0,190,79,0,190,111,0,190,111,0,190,111,0,190,111
0,184,195,0,184,195,0,184,195,0,184,195,0,184,195,0,184,195,0,184,195,0,184,195,0,184,195,0,248,195
0,10,243,0,10,243,0,10,243,0,10,243,0,10,243,0,10,243,0,10,243,0,10,243,0,10,243,0,10,243
0,12,246,0,12,166,0,12,166,0,12,166,0,12,230,0,12,230,0,12,166,0,12,166,0,12,166,0,12,166
0,227,254,0,227,254,0,227,252,0,227,252,0,227,252,0,227,254,0,227,254,0,227,254,0,227,254,0,227,254
0,43,206,0,43,206,0,43,206,0,43,206,0,43,206,0,43,206,0,43,206,0,43,206,0,43,206,0,43,206
0,127,226,0,127,234,0,127,234,0,127,234,0,127,234,0,127,234,0,127,234,0,127,234,0,127,234,0,127,234
0,249,149,0,249,149,0,249,149,0,249,149,0,249,149,0,249,149,0,249,149,0,249,149,0,249,149,0,121,149
0,39,11,0,23,11,0,7,11,0,7,11,0,39,11,0,39,3,0,55,3,0,7,3,0,55,3,0,23,3
0,123,169,0,123,169,0,91,169,0,91,169,0,91,169,0,91,169,0,91,169,0,123,169,0,123,169,0,123,169
0,123,205,0,127,205,0,127,205,0,123,205,0,123,205,0,127,205,0,123,205,0,123,205,0,127,205,0,123,205
0,227,159,0,227,155,0,227,159,0,227,155,0,227,159,0,227,159,0,227,159,0,227,159,0,227,159,0,227,159
0,243,119,0,243,119,0,243,119,0,243,127,0,243,127,0,243,127,0,243,127,0,243,127,0,243,127,0,243,127
0,63,191,0,63,191,0,63,191,0,63,191,0,63,191,0,63,191,0,63,191,0,63,191,0,63,191,0,63,191
0,142,59,0,142,59,0,142,59,0,142,59,0,142,59,0,142,59,0,142,59,0,142,59,0,142,59,0,142,59
0,231,237,0,239,237,0,239,237,0,239,237,0,103,237,0,103,237,0,103,237,0,239,237,0,231,237,0,231,237
0,222,27,0,222,27,0,222,25,0,222,27,0,223,27,0,222,27,0,222,27,0,222,25,0,222,27,0,222,25
0,218,119,0,218,119,0,218,119,0,218,119,0,218,119,0,218,119,0,218,119,0,219,119,0,218,119,0,219,119
0,248,30,0,248,30,0,249,30,0,248,30,0,248,30,0,248,30,0,216,30,0,248,30,0,248,30,0,248,30
0,60,61,0,60,61,0,60,61,0,60,61,0,60,61,0,60,29,0,60,61,0,60,61,0,60,61,0,60,61
0,168,241,0,168,241,0,168,241,0,168,241,0,168,241,0,168,241,0,168,241,0,168,241,0,168,241,0,168,241
0,245,226,0,245,226,0,181,226,0,245,162,0,245,226,0,245,226,0,245,226,0,245,226,0,245,226,0,245,226
0,223,246,0,95,246,0,223,246,0,223,246,0,223,246,0,223,246,0,223,246,0,223,246,0,223,246,0,223,246
0,207,37,0,207,39,0,239,39,0,207,39,0,207,37,0,207,39,0,207,39,0,223,39,0,207,37,0,207,39
0,226,30,0,226,30,0,226,30,0,226,30,0,226,30,0,226,30,0,226,30,0,226,30,0,226,30,0,226,30
0,217,117,0,217,117,0,221,117,0,221,117,0,217,117,0,221,117,0,221,117,0,221,117,0,217,117,0,221,117
0,90,109,0,90,109,0,90,109,0,90,109,0,94,109,0,90,109,0,90,109,0,90,109,0,90,109,0,94,109
0,215,95,0,215,95,0,215,95,0,215,95,0,215,95,0,215,95,0,215,95,0,215,95,0,215,95,0,215,95
0,208,101,0,212,101,0,244,101,0,212,101,0,212,101,0,212,101,0,208,101,0,244,101,0,244,101,0,240,101
0,211,153,0,83,153,0,83,153,0,83,153,0,211,153,0,83,153,0,115,153,0,115,153,0,115,153,0,83,153
0,101,18,0,101,18,0,101,18,0,101,18,0,101,18,0,101,18,0,101,18,0,101,18,0,101,18,0,101,18
0,254,253,0,254,253,0,254,253,0,254,253,0,254,253,0,254,253,0,254,253,0,254,253,0,254,253,0,254,253
0,110,169,0,46,171,0,46,171,0,46,171,0,46,171,0,110,169,0,110,169,0,46,169,0,46,171,0,46,171
0,215,217,0,215,217,0,215,217,0,215,217,0,215,217,0,215,217,0,215,217,0,215,217,0,215,217,0,215,217
0,91,115,0,91,115,0,91,115,0,91,115,0,91,115,0,91,115,0,91,115,0,91,115,0,91,115,0,91,115
0,62,246,0,62,182,0,62,182,0,62,182,0,62,182,0,62,246,0,62,246,0,62,182,0,62,182,0,62,246
0,203,189,0,203,189,0,203,189,0,203,189,0,203,189,0,195,189,0,203,189,0,203,189,0,195,189,0,203,189
0,70,253,0,70,253,0,70,253,0,70,253,0,70,253,0,70,253,0,70,253,0,70,253,0,70,253,0,70,253
0,55,252,0,55,252,0,55,252,0,55,252,0,55,252,0,55,252,0,55,252,0,55,252,0,55,244,0,55,252
0,116,255,0,116,255,0,116,255,0,116,255,0,116,255,0,116,255,0,116,255,0,116,255,0,116,255,0,116,255
0,117,76,0,117,76,0,117,76,0,117,76,0,117,76,0,117,204,0,117,204,0,117,76,0,117,204,0,117,204
0,153,125,0,153,125,0,153,125,0,153,125,0,153,125,0,153,125,0,153,125,0,153,125,0,153,125,0,153,125
0,7,224,0,7,224,0,7,224,0,7,224,0,7,228,0,7,228,0,7,224,0,7,228,0,7,228,0,7,228
0,127,255,0,127,255,0,127,223,0,123,223,0,127,255,0,127,223,0,127,255,0,127,255,0,127,255,0,127,255
0,89,187,0,89,187,0,89,187,0,81,59,0,89,187,0,89,187,0,89,187,0,89,187,0,89,187,0,89,187
0,119,187,0,119,187,0,119,187,0,119,187,0,119,187,0,119,187,0,119,187,0,119,187,0,119,187,0,119,187
0,102,29,0,102,29,0,102,29,0,230,29,0,230,29,0,102,29,0,102,29,0,102,29,0,102,29,0,102,29
0,207,177,0,207,181,0,207,177,0,207,181,0,207,177,0,207,177,0,207,177,0,207,177,0,207,177,0,207,177
0,76,194,0,92,194,0,92,194,0,92,194,0,92,194,0,76,194,0,92,194,0,92,194,0,92,194,0,92,194
0,111,167,0,111,167,0,111,167,0,111,167,0,111,167,0,111,167,0,111,167,0,111,167,0,111,167,0,111,167
0,81,239,0,81,239,0,81,239,0,81,239,0,81,239,0,81,239,0,81,239,0,81,239,0,81,239,0,81,239
0,141,254,0,140,254,0,141,254,0,141,254,0,141,254,0,141,254,0,141,254,0,140,254,0,141,222,0,140,222
0,14,31,0,14,31,0,14,31,0,14,31,0,14,31,0,14,31,0,14,31,0,12,31,0,14,31,0,14,31
0,111,126,0,107,254,0,106,126,0,107,126,0,235,126,0,235,254,0,107,126,0,107,126,0,106,254,0,107,254
0,234,71,0,234,71,0,234,71,0,234,71,0,234,71,0,234,71,0,234,71,0,234,67,0,234,71,0,234,71
0,121,30,0,121,26,0,249,26,0,249,90,0,249,90,0,121,26,0,121,26,0,121,26,0,121,90,0,121,90
0,77,247,0,77,247,0,77,247,0,77,247,0,77,247,0,77,247,0,77,247,0,77,247,0,77,247,0,77,247
0,95,57,0,95,56,0,95,56,0,95,56,0,79,56,0,95,56,0,95,56,0,95,56,0,95,56,0,95,56
0,45,193,0,45,129,0,45,195,0,45,193,0,45,193,0,45,193,0,45,129,0,45,193,0,45,129,0,45,193
0,240,212,0,112,212,0,248,212,0,249,212,0,121,212,0,121,212,0,248,212,0,249,212,0,248,212,0,248,212
0,92,211,0,92,195,0,92,211,0,92,195,0,92,211,0,92,211,0,92,195,0,92,211,0,92,195,0,92,195
0,231,176,0,247,176,0,247,176,0,231,176,0,247,184,0,247,184,0,231,184,0,247,184,0,247,176,0,247,176
0,55,146,0,119,146,0,119,146,0,119,146,0,119,146,0,119,146,0,119,146,0,119,146,0,119,146,0,119,146
0,240,45,0,240,45,0,240,45,0,240,45,0,240,45,0,240,45,0,240,45,0,240,45,0,242,45,0,240,45
0,126,186,0,126,186,0,126,186,0,126,186,0,126,186,0,254,186,0,254,186,0,126,186,0,126,186,0,254,186
0,47,110,0,47,78,0,47,110,0,47,78,0,47,110,0,47,110,0,47,78,0,47,110,0,47,78,0,47,78
0,88,235,0,88,235,0,88,235,0,88,235,0,88,235,0,88,235,0,88,235,0,88,235,0,88,235,0,88,235
0,110,246,0,126,230,0,126,230,0,110,230,0,126,246,0,126,230,0,110,230,0,126,230,0,126,246,0,110,230
0,99,112,0,99,112,0,115,112,0,99,112,0,115,112,0,115,112,0,115,112,0,115,112,0,99,112,0,115,112
0,17,223,0,21,223,0,17,223,0,21,223,0,17,223,0,21,223,0,21,223,0,29,223,0,21,223,0,21,223
0,247,100,0,247,100,0,247,100,0,247,100,0,247,100,0,247,100,0,215,100,0,215,100,0,247,100,0,247,100
0,119,243,0,119,243,0,119,243,0,119,243,0,119,243,0,119,243,0,119,243,0,119,243,0,119,243,0,119,243
0,220,124,0,220,124,0,220,76,0,220,124,0,220,124,0,220,124,0,220,124,0,220,108,0,220,124,0,220,124
0,127,109,0,127,109,0,127,109,0,127,109,0,127,109,0,127,109,0,127,109,0,127,109,0,127,109,0,127,109
0,99,39,0,99,39,0,99,35,0,99,39,0,99,39,0,99,39,0,99,35,0,97,39,0,99,35,0,99,39
0,109,171,0,109,171,0,109,171,0,109,171,0,109,170,0,109,171,0,109,171,0,109,171,0,109,171,0,109,171
0,47,156,0,47,156,0,43,156,0,43,156,0,47,156,0,47,156,0,47,156,0,47,156,0,47,156,0,43,156
0,252,204,0,252,204,0,252,204,0,252,204,0,252,204,0,252,204,0,252,204,0,252,204,0,252,204,0,252,204
0,17,252,0,17,252,0,17,252,0,17,252,0,17,252,0,17,252,0,17,252,0,17,252,0,17,252,0,17,252
0,191,56,0,191,184,0,191,56,0,191,184,0,191,184,0,191,184,0,191,56,0,191,184,0,191,184,0,191,184
0,236,243,0,236,243,0,236,243,0,236,243,0,236,243,0,236,243,0,236,243,0,236,243,0,236,243,0,236,243
0,194,255,0,66,255,0,202,255,0,194,255,0,194,255,0,202,255,0,202,255,0,194,255,0,66,255,0,66,255
0,133,250,0,133,250,0,133,250,0,133,250,0,133,250,0,133,250,0,133,250,0,133,250,0,133,250,0,133,250
0,125,231,0,125,231,0,121,231,0,121,231,0,121,231,0,121,231,0,121,231,0,121,231,0,121,231,0,121,231
0,15,226,0,15,226,0,31,226,0,15,226,0,15,226,0,31,226,0,15,226,0,31,226,0,31,226,0,31,226
0,158,246,0,30,246,0,158,246,0,158,246,0,158,246,0,158,246,0,158,246,0,30,246,0,158,246,0,30,246
0,211,15,0,211,15,0,211,15,0,211,15,0,211,15,0,211,15,0,211,15,0,211,15,0,211,15,0,211,15
0,255,63,0,255,63,0,255,63,0,255,63,0,255,63,0,255,63,0,255,63,0,255,63,0,255,63,0,127,63
0,241,169,0,241,171,0,241,171,0,245,171,0,245,169,0,245,171,0,245,169,0,245,171,0,245,171,0,245,171
0,189,125,0,189,125,0,189,125,0,189,125,0,189,125,0,189,125,0,189,125,0,189,125,0,189,125,0,189,125
0,115,155,0,115,155,0,115,155,0,115,155,0,115,155,0,115,155,0,115,155,0,115,155,0,115,155,0,115,155
0,247,107,0,243,107,0,243,107,0,243,107,0,243,107,0,247,107,0,243,107,0,243,107,0,247,107,0,243,107
0,8,219,0,72,219,0,8,219,0,72,219,0,8,219,0,72,219,0,72,219,0,8,219,0,8,219,0,72,219
0,227,65,0,227,65,0,227,65,0,227,65,0,227,65,0,227,65,0,227,65,0,227,65,0,227,65,0,227,65
0,31,73,0,31,73,0,31,73,0,31,73,0,31,73,0,31,72,0,31,73,0,31,73,0,31,73,0,31,73
0,53,248,0,53,248,0,53,248,0,53,248,0,53,248,0,53,248,0,53,248,0,53,248,0,53,248,0,53,248
0,41,117,0,41,117,0,41,117,0,41,117,0,41,117,0,41,117,0,41,117,0,41,117,0,41,117,0,41,117
0,175,179,0,175,179,0,175,179,0,175,179,0,175,179,0,175,179,0,175,179,0,175,179,0,175,179,0,47,179
0,213,112,0,213,112,0,213,112,0,213,112,0,213,112,0,213,112,0,213,112,0,213,112,0,213,112,0,213,112
0,143,211,0,143,211,0,207,211,0,207,211,0,207,211,0,207,211,0,207,211,0,207,211,0,207,211,0,207,211
0,185,190,0,185,190,0,185,190,0,185,190,0,185,190,0,185,190,0,185,190,0,185,190,0,185,190,0,185,190
0,240,202,0,240,202,0,240,202,0,240,202,0,240,202,0,240,202,0,240,202,0,240,202,0,224,202,0,240,202
0,58,56,0,58,56,0,58,56,0,58,56,0,58,56,0,58,56,0,58,56,0,58,56,0,58,56,0,58,56
0,253,251,0,255,251,0,255,251,0,253,251,0,255,251,0,255,251,0,253,251,0,255,251,0,255,251,0,223,251
0,102,190,0,102,190,0,102,190,0,102,190,0,102,190,0,102,190,0,102,190,0,102,190,0,102,190,0,102,190
0,155,234,0,155,234,0,155,234,0,155,234,0,155,234,0,155,234,0,155,234,0,155,202,0,155,234,0,155,202
0,231,55,0,231,55,0,231,55,0,231,55,0,231,55,0,231,55,0,231,55,0,231,55,0,231,55,0,231,55
0,236,111,0,236,103,0,236,111,0,236,111,0,236,103,0,236,111,0,236,103,0,236,103,0,236,111,0,236,111
0,101,76,0,101,76,0,101,76,0,101,76,0,101,76,0,101,76,0,101,76,0,101,76,0,101,76,0,101,76
0,63,187,0,63,187,0,63,187,0,63,187,0,63,187,0,63,187,0,63,187,0,63,187,0,63,187,0,63,187
0,90,194,0,90,210,0,90,194,0,90,210,0,91,202,0,91,210,0,91,218,0,91,210,0,91,194,0,91,194
0,253,183,0,253,183,0,253,183,0,253,183,0,253,183,0,253,183,0,253,183,0,253,183,0,253,183,0,253,183
0,178,100,0,178,100,0,178,100,0,178,100,0,178,100,0,178,96,0,178,100,0,178,100,0,178,96,0,178,100
0,255,252,0,255,252,0,255,252,0,255,252,0,255,252,0,255,252,0,255,252,0,255,252,0,255,252,0,255,252
0,24,201,0,24,201,0,24,201,0,24,201,0,24,201,0,24,201,0,25,201,0,24,201,0,24,201,0,24,201
0,219,198,0,211,198,0,211,198,0,211,198,0,215,198,0,211,198,0,219,198,0,219,198,0,219,198,0,215,198
0,135,231,0,135,231,0,135,231,0,135,231,0,135,230,0,135,231,0,135,231,0,135,231,0,135,231,0,131,231
0,190,123,0,190,123,0,190,123,0,190,123,0,190,123,0,190,123,0,190,123,0,190,123,0,190,123,0,190,123
0,126,109,0,126,109,0,126,109,0,126,109,0,126,109,0,126,109,0,126,109,0,126,109,0,126,109,0,126,109
0,189,230,0,189,230,0,189,230,0,189,230,0,189,230,0,189,230,0,189,230,0,189,230,0,189,230,0,189,230
0,72,127,0,72,127,0,72,127,0,72,127,0,72,127,0,72,127,0,72,127,0,72,127,0,72,127,0,72,127
0,61,100,0,61,36,0,53,36,0,53,36,0,61,36,0,61,36,0,53,36,0,61,36,0,53,36,0,61,36
0,193,183,0,193,183,0,193,183,0,193,183,0,193,183,0,193,183,0,193,183,0,193,183,0,193,183,0,193,183
0,72,51,0,72,51,0,72,51,0,72,51,0,72,51,0,72,51,0,72,51,0,72,51,0,72,51,0,72,51
0,227,251,0,227,251,0,227,251,0,231,251,0,231,251,0,227,251,0,227,251,0,227,251,0,225,251,0,227,251
0,120,198,0,120,198,0,120,198,0,120,198,0,120,198,0,120,198,0,120,198,0,120,198,0,124,198,0,120,198
0,217,60,0,217,60,0,217,60,0,217,60,0,217,60,0,217,60,0,217,60,0,217,60,0,217,60,0,221,60
0,191,189,0,191,189,0,190,189,0,191,189,0,191,189,0,191,189,0,191,189,0,191,189,0,191,189,0,191,189
0,243,253,0,179,253,0,243,253,0,243,253,0,243,253,0,243,253,0,243,255,0,243,253,0,243,253,0,243,253
0,229,245,0,229,245,0,229,245,0,229,245,0,229,245,0,229,245,0,229,245,0,229,245,0,229,245,0,229,245
0,247,193,0,247,193,0,247,193,0,247,193,0,247,193,0,247,193,0,247,193,0,247,193,0,247,193,0,247,193
0,247,219,0,247,219,0,247,219,0,247,219,0,247,219,0,247,219,0,247,219,0,247,219,0,247,219,0,247,219
0,148,7,0,148,7,0,148,7,0,148,7,0,148,7,0,148,7,0,148,7,0,148,7,0,148,7,0,148,7
0,162,206,0,162,206,0,162,206,0,162,206,0,162,206,0,162,206,0,162,206,0,162,206,0,162,206,0,162,206
0,251,159,0,251,155,0,251,155,0,251,155,0,251,155,0,251,155,0,251,155,0,251,155,0,251,155,0,251,155
0,245,157,0,245,157,0,245,157,0,245,157,0,245,157,0,245,157,0,245,157,0,245,157,0,245,157,0,245,157
0,127,85,0,127,85,0,95,85,0,127,85,0,127,85,0,127,85,0,127,85,0,127,85,0,127,85,0,127,85
0,191,250,0,239,250,0,239,250,0,239,250,0,239,250,0,239,250,0,239,250,0,239,250,0,239,250,0,239,250
0,197,98,0,197,98,0,197,98,0,197,98,0,197,98,0,197,98,0,197,98,0,197,98,0,197,98,0,197,98
0,77,109,0,13,109,0,77,109,0,13,109,0,13,109,0,77,109,0,13,109,0,13,109,0,13,109,0,13,109
0,65,221,0,65,221,0,65,221,0,65,213,0,65,221,0,65,221,0,67,213,0,67,221,0,65,221,0,65,221
0,124,253,0,124,237,0,124,237,0,124,237,0,124,237,0,124,237,0,124,237,0,124,237,0,124,233,0,124,233
0,94,77,0,94,77,0,94,77,0,94,77,0,94,77,0,94,77,0,94,77,0,94,77,0,94,77,0,94,77
0,153,54,0,153,54,0,153,54,0,153,54,0,153,118,0,153,118,0,153,54,0,153,54,0,153,118,0,153,54
0,251,254,0,251,254,0,251,254,0,251,254,0,251,254,0,251,254,0,251,254,0,251,254,0,251,254,0,251,254
0,13,159,0,13,159,0,15,159,0,15,159,0,13,159,0,13,159,0,13,159,0,13,159,0,13,159,0,13,159
0,166,253,0,166,253,0,166,253,0,166,253,0,166,253,0,166,253,0,166,253,0,166,253,0,166,253,0,166,253
0,206,246,0,206,246,0,206,246,0,206,246,0,206,246,0,206,246,0,206,246,0,206,246,0,206,246,0,206,246
0,199,175,0,199,175,0,199,175,0,199,175,0,199,175,0,199,175,0,199,175,0,199,175,0,199,175,0,199,175
0,255,239,0,255,239,0,255,239,0,255,239,0,255,239,0,255,239,0,255,239,0,255,239,0,255,239,0,255,239
0,254,226,0,254,194,0,254,194,0,254,226,0,254,194,0,254,194,0,254,194,0,254,194,0,254,194,0,254,226
0,254,253,0,254,253,0,254,253,0,254,253,0,254,253,0,254,253,0,254,253,0,254,253,0,254,253,0,254,253
0,243,110,0,243,110,0,243,110,0,243,110,0,243,110,0,243,110,0,243,110,0,243,110,0,243,110,0,243,110
0,247,5,0,247,5,0,247,5,0,247,5,0,247,5,0,247,5,0,247,5,0,247,5,0,247,5,0,247,5
0,145,113,0,144,113,0,145,113,0,145,113,0,145,113,0,145,113,0,145,113,0,145,113,0,145,113,0,145,113
0,240,83,0,240,83,0,240,83,0,240,83,0,240,83,0,240,83,0,240,83,0,240,83,0,240,83,0,240,83
0,189,97,0,189,97,0,189,97,0,189,97,0,189,97,0,189,33,0,189,33,0,189,33,0,189,33,0,189,33
0,152,222,0,152,222,0,136,222,0,152,222,0,152,222,0,152,222,0,152,222,0,152,222,0,152,222,0,152,222
0,231,155,0,231,155,0,231,155,0,231,155,0,231,159,0,231,155,0,231,155,0,231,155,0,231,155,0,231,155
0,205,50,0,205,50,0,205,50,0,205,50,0,205,50,0,205,34,0,205,50,0,205,50,0,205,50,0,205,34
0,196,113,0,196,113,0,196,113,0,196,113,0,196,113,0,196,113,0,196,113,0,196,113,0,196,113,0,196,113
0,251,31,0,235,31,0,235,31,0,235,31,0,235,31,0,251,31,0,251,31,0,251,30,0,251,30,0,251,30
0,117,248,0,117,252,0,117,248,0,117,252,0,117,248,0,117,252,0,117,252,0,117,252,0,117,252,0,117,248
0,245,119,0,245,119,0,245,119,0,245,119,0,245,119,0,229,119,0,229,119,0,245,119,0,245,119,0,245,119
0,125,104,0,125,104,0,125,104,0,125,104,0,125,104,0,125,104,0,125,104,0,125,104,0,125,104,0,125,104
0,255,79,0,255,79,0,255,79,0,255,79,0,255,79,0,255,79,0,255,79,0,255,79,0,255,79,0,255,79
0,199,136,0,199,136,0,199,136,0,199,136,0,199,136,0,199,136,0,199,136,0,199,136,0,199,136,0,199,136
0,191,237,0,191,237,0,191,173,0,191,239,0,191,237,0,191,237,0,191,237,0,191,237,0,191,237,0,191,237
0,0,153,0,0,153,0,0,153,0,0,153,0,0,153,0,0,153,0,0,153,0,0,153,0,0,153,0,0,153
0,176,58,0,176,58,0,176,58,0,177,42,0,176,58,0,177,58,0,177,58,0,176,58,0,177,58,0,176,58
0,123,73,0,123,201,0,123,201,0,123,201,0,123,201,0,123,201,0,123,201,0,123,73,0,123,73,0,123,73
0,205,123,0,205,123,0,205,123,0,205,123,0,205,123,0,205,123,0,205,123,0,205,123,0,205,123,0,205,123
0,99,49,0,107,49,0,105,49,0,97,49,0,105,49,0,105,49,0,105,49,0,111,49,0,107,49,0,107,49
0,250,60,0,250,60,0,250,60,0,250,60,0,250,60,0,250,124,0,250,60,0,250,60,0,250,60,0,250,60
0,155,103,0,147,103,0,155,103,0,155,231,0,155,231,0,147,231,0,155,103,0,147,231,0,155,231,0,155,231
0,230,255,0,230,255,0,230,255,0,198,255,0,230,255,0,198,255,0,230,255,0,230,255,0,230,255,0,230,255
0,254,28,0,254,28,0,254,28,0,254,28,0,254,28,0,254,28,0,254,28,0,254,28,0,254,28,0,254,28
0,107,243,0,107,243,0,107,243,0,107,241,0,107,243,0,107,243,0,107,243,0,107,243,0,107,241,0,107,243
0,118,77,0,118,77,0,126,77,0,62,77,0,22,77,0,126,77,0,62,77,0,54,77,0,62,77,0,94,77
0,247,133,0,246,133,0,246,197,0,247,129,0,246,193,0,247,197,0,246,197,0,247,197,0,246,133,0,246,197
0,240,217,0,240,193,0,242,193,0,240,193,0,240,193,0,240,193,0,242,209,0,242,209,0,242,193,0,240,193
0,53,153,0,53,137,0,53,153,0,53,153,0,53,153,0,53,153,0,53,153,0,53,137,0,55,153,0,55,137
0,102,14,0,102,14,0,102,14,0,102,14,0,102,14,0,102,14,0,102,14,0,102,14,0,102,14,0,102,14
0,91,203,0,91,203,0,91,203,0,91,203,0,91,203,0,91,203,0,91,203,0,91,203,0,91,203,0,91,203
0,79,82,0,79,82,0,79,18,0,79,18,0,79,18,0,79,18,0,79,82,0,79,82,0,79,18,0,79,82
0,255,198,0,119,198,0,127,230,0,119,230,0,243,230,0,255,230,0,127,230,0,255,230,0,127,198,0,127,230
0,46,73,0,46,9,0,46,11,0,46,11,0,46,11,0,46,11,0,46,75,0,46,9,0,46,75,0,46,73
0,191,213,0,191,213,0,191,213,0,191,213,0,191,213,0,191,213,0,191,213,0,191,213,0,191,213,0,191,213
0,183,42,0,151,42,0,183,42,0,183,42,0,151,42,0,183,42,0,183,42,0,183,42,0,183,42,0,183,42
0,123,77,0,123,77,0,123,77,0,123,77,0,123,77,0,123,77,0,123,77,0,123,77,0,123,77,0,123,77
0,154,251,0,154,123,0,154,251,0,154,251,0,154,123,0,154,251,0,154,251,0,154,251,0,154,123,0,154,251
0,249,209,0,249,209,0,249,211,0,121,211,0,249,209,0,121,209,0,249,211,0,249,209,0,249,211,0,253,209
0,211,173,0,211,173,0,219,173,0,219,173,0,219,173,0,219,173,0,211,173,0,219,173,0,219,173,0,91,173
0,59,50,0,187,50,0,59,50,0,59,50,0,187,50,0,59,50,0,59,50,0,59,50,0,187,50,0,187,50
0,111,149,0,111,181,0,111,181,0,111,181,0,109,181,0,111,149,0,111,149,0,111,149,0,111,149,0,111,149
0,149,247,0,149,247,0,149,247,0,149,247,0,149,247,0,149,247,0,149,247,0,149,247,0,149,247,0,149,247
0,173,8,0,173,8,0,173,8,0,173,8,0,173,8,0,173,8,0,169,8,0,169,8,0,173,8,0,173,8
0,253,45,0,253,45,0,253,45,0,253,47,0,253,45,0,253,45,0,253,45,0,253,45,0,253,45,0,253,45
0,231,171,0,231,171,0,231,171,0,231,171,0,231,171,0,231,171,0,231,171,0,231,171,0,231,171,0,231,171
0,206,111,0,206,111,0,206,111,0,206,111,0,206,111,0,206,111,0,206,111,0,206,111,0,206,111,0,206,111
0,83,190,0,83,190,0,83,190,0,83,190,0,83,190,0,83,190,0,83,190,0,83,190,0,83,190,0,83,190
0,187,174,0,251,174,0,255,174,0,255,174,0,255,174,0,255,174,0,251,174,0,251,174,0,251,174,0,251,174
0,103,50,0,103,50,0,103,50,0,103,50,0,103,50,0,103,50,0,103,50,0,103,50,0,103,50,0,103,50
0,247,250,0,247,250,0,247,250,0,247,250,0,247,250,0,247,250,0,247,250,0,247,250,0,247,250,0,247,250
0,87,169,0,71,169,0,71,169,0,71,169,0,87,169,0,71,169,0,87,169,0,87,169,0,87,169,0,70,169
0,73,237,0,73,237,0,73,237,0,73,237,0,73,237,0,73,237,0,73,237,0,73,237,0,73,237,0,73,237
0,218,7,0,218,7,0,218,7,0,218,7,0,90,7,0,218,7,0,218,7,0,218,7,0,218,7,0,218,7
0,59,175,0,59,175,0,123,175,0,59,175,0,59,175,0,59,175,0,59,175,0,59,175,0,59,175,0,59,175
0,190,194,0,190,194,0,190,194,0,190,194,0,190,194,0,190,194,0,190,194,0,190,194,0,190,194,0,190,194
0,75,122,0,75,122,0,75,122,0,75,122,0,75,122,0,75,122,0,75,122,0,74,122,0,75,122,0,74,122
0,254,98,0,190,98,0,254,99,0,254,102,0,254,98,0,254,98,0,254,98,0,190,103,0,254,102,0,254,98
0,215,249,0,215,249,0,215,249,0,215,249,0,215,249,0,211,249,0,215,249,0,215,249,0,215,249,0,215,249
0,49,220,0,49,220,0,51,220,0,49,220,0,51,212,0,51,220,0,49,220,0,49,220,0,51,220,0,49,212
0,87,179,0,87,179,0,87,179,0,87,179,0,87,179,0,87,179,0,87,179,0,87,179,0,87,179,0,87,179
0,246,137,0,246,137,0,246,137,0,246,137,0,246,137,0,246,137,0,244,137,0,246,137,0,244,137,0,228,137
0,177,236,0,177,204,0,177,204,0,177,204,0,177,204,0,177,204,0,145,204,0,177,204,0,177,204,0,145,204
0,157,244,0,157,244,0,157,244,0,157,244,0,157,228,0,157,228,0,157,244,0,157,244,0,157,244,0,157,244
0,226,183,0,98,183,0,226,183,0,226,183,0,226,183,0,226,183,0,226,183,0,226,183,0,226,183,0,98,183
0,249,121,0,249,121,0,249,121,0,249,123,0,249,123,0,249,121,0,249,123,0,249,121,0,249,121,0,249,121
0,83,168,0,83,168,0,83,168,0,91,168,0,83,168,0,83,40,0,91,168,0,83,168,0,83,40,0,83,40
